,battery_power,clock_speed,dual_sim,four_g,int_memory,n_cores,ram,three_g,touch_screen,wifi,price_range
0,0,0,0,0,0,0,0,0,0,0,0
1,1,1,1,1,1,1,1,1,1,1,1
2,2,1,1,1,2,2,2,1,1,1,1
3,3,2,0,0,3,3,3,1,0,1,1
4,4,3,0,1,4,0,4,1,1,1,0
5,5,1,1,0,5,4,5,1,0,1,0
6,4,4,0,1,3,5,6,1,0,0,2
7,6,1,1,0,6,6,7,1,1,0,3
8,7,1,0,0,1,7,8,1,0,1,3
9,8,5,1,1,7,2,9,1,0,1,3
10,9,6,1,0,7,2,10,0,0,1,2
11,10,0,0,1,8,5,11,1,1,0,2
12,11,7,0,0,8,6,12,1,0,1,0
13,12,8,0,0,9,6,13,1,0,0,1
14,13,1,0,1,10,4,14,1,0,0,3
15,14,9,0,0,11,0,15,1,1,0,3
16,15,1,0,1,12,5,16,1,0,0,2
17,16,10,1,1,13,1,17,1,1,1,2
18,17,1,1,0,14,2,18,1,1,1,0
19,18,1,0,0,15,6,19,0,1,0,0
20,19,11,1,0,16,7,20,1,1,1,2
21,20,8,0,0,12,0,21,1,0,1,2
22,21,12,1,0,17,6,22,0,0,0,0
23,22,7,1,1,18,1,23,1,0,1,3
24,23,3,1,1,19,1,24,1,0,1,0
25,24,13,1,1,20,5,25,1,1,0,1
26,25,14,1,1,21,6,26,1,0,0,2
27,26,1,0,1,2,7,27,1,1,1,2
28,27,14,1,1,10,0,28,1,1,0,1
29,28,1,0,0,22,2,29,1,0,0,3
30,29,1,1,0,23,7,30,0,0,0,2
31,30,1,0,0,8,5,31,1,1,0,3
32,31,10,0,1,2,4,32,1,1,0,0
33,32,0,1,1,21,6,33,1,1,1,2
34,33,15,0,0,5,5,34,1,0,1,3
35,34,16,1,0,24,5,35,1,0,1,0
36,35,17,1,0,25,6,36,1,0,0,0
37,36,14,1,1,26,0,37,1,1,1,2
38,37,18,1,1,27,3,38,1,0,0,1
39,38,1,1,0,28,0,39,1,1,1,1
40,39,6,0,0,4,4,40,1,0,0,1
41,40,17,0,1,2,0,41,1,1,1,2
42,41,1,1,1,23,0,42,1,1,1,0
43,42,9,0,1,29,1,43,1,1,1,0
44,43,7,0,1,30,0,44,1,1,1,3
45,44,6,0,0,31,1,45,0,1,0,0
46,45,11,1,0,32,5,46,1,0,1,2
47,46,19,1,1,33,7,47,1,0,0,0
48,47,12,1,1,20,5,48,1,0,0,3
49,48,8,1,0,34,5,49,0,0,1,2
50,49,20,1,1,35,1,50,1,0,0,1
51,50,13,1,0,36,5,51,0,1,1,1
52,51,21,1,1,37,0,52,1,1,1,2
53,52,22,1,1,38,1,53,1,0,0,0
54,53,1,1,0,21,7,54,0,1,1,1
55,54,8,1,1,11,1,55,1,0,1,1
56,55,15,1,0,24,5,56,1,1,0,3
57,56,16,1,1,25,1,57,1,0,0,2
58,57,1,0,0,14,3,58,0,0,1,0
59,58,13,1,1,39,2,59,1,1,0,1
60,59,20,0,0,40,1,60,1,1,1,0
61,60,17,0,1,36,5,61,1,1,0,3
62,61,3,1,1,28,0,62,1,1,1,3
63,62,18,0,1,41,0,63,1,1,0,1
64,63,12,1,1,7,1,64,1,0,1,1
65,64,22,1,1,4,1,65,1,1,1,2
66,65,1,0,1,42,6,66,1,1,1,2
67,13,13,0,0,43,1,67,0,0,1,2
68,66,11,1,0,3,0,68,1,0,0,3
69,67,21,1,1,37,6,69,1,1,1,2
70,68,1,1,1,44,7,70,1,1,0,2
71,69,23,0,1,5,6,71,1,0,0,1
72,70,9,0,1,7,1,72,1,0,1,3
73,71,3,0,0,37,4,73,1,1,0,2
74,72,6,1,0,18,6,74,0,1,1,3
75,73,5,1,1,32,3,75,1,0,0,0
76,74,7,0,1,7,1,76,1,1,1,3
77,75,14,1,0,8,4,77,0,0,0,3
78,76,2,1,1,38,6,78,1,0,0,2
79,77,9,1,0,45,3,79,0,1,0,0
80,78,5,1,1,46,7,80,1,1,0,2
81,79,6,1,1,34,6,81,1,1,1,1
82,80,10,1,0,44,2,82,0,1,0,2
83,81,24,0,0,25,1,83,1,0,1,0
84,82,6,1,1,20,4,84,1,1,0,0
85,83,23,0,0,47,5,85,0,0,0,0
86,84,18,1,0,32,2,86,0,1,0,3
87,85,6,1,1,34,1,87,1,0,1,2
88,86,1,1,0,48,2,88,1,1,0,1
89,87,11,1,0,8,6,89,1,0,0,1
90,88,18,1,1,20,1,90,1,1,1,2
91,89,18,1,1,49,7,91,1,1,1,1
92,90,17,1,1,50,7,92,1,1,0,3
93,91,2,0,1,35,3,93,1,0,0,3
94,92,4,1,0,0,1,94,0,1,1,0
95,93,9,0,0,0,1,95,1,1,0,2
96,94,17,0,1,13,2,96,1,1,1,3
97,95,1,0,1,24,3,97,1,0,1,1
98,96,2,0,0,51,0,98,0,1,1,3
99,97,1,0,0,52,7,99,1,0,1,0
100,98,1,0,1,3,3,100,1,0,1,2
101,99,11,0,1,40,5,101,1,0,0,0
102,100,1,0,0,20,2,102,1,0,1,0
103,101,7,1,1,41,6,103,1,1,1,3
104,102,23,1,1,19,7,104,1,1,0,3
105,103,25,1,1,16,6,105,1,0,0,0
106,104,22,1,0,13,2,106,0,1,0,2
107,105,23,0,0,32,2,107,1,0,1,2
108,106,18,1,0,11,4,108,1,1,0,2
109,107,21,0,0,2,4,109,1,1,0,2
110,108,19,1,1,37,1,110,1,1,1,0
111,109,17,0,0,53,7,111,0,0,1,0
112,110,13,1,1,54,3,112,1,1,1,3
113,32,11,1,0,0,2,113,1,1,1,1
114,111,1,0,1,5,7,114,1,0,0,2
115,112,17,0,1,55,7,115,1,1,0,2
116,113,13,0,0,1,5,116,1,0,1,1
117,114,12,0,1,33,1,117,1,1,1,0
118,115,16,1,0,11,4,118,0,1,1,3
119,116,1,0,0,50,1,119,1,0,1,0
120,117,14,1,0,3,5,120,0,1,1,1
121,19,23,1,1,3,6,121,1,1,1,2
122,118,1,1,0,10,1,122,0,1,1,2
123,119,11,0,1,42,0,123,1,1,0,2
124,67,18,0,1,47,2,124,1,0,1,1
125,120,7,0,0,38,4,125,0,0,0,2
126,121,23,1,1,46,6,126,1,0,0,1
127,122,17,0,1,47,3,127,1,1,0,0
128,123,10,1,0,52,1,128,1,0,0,2
129,124,13,0,1,15,3,129,1,1,1,3
130,125,18,1,0,49,7,130,1,0,0,2
131,126,2,1,0,56,4,131,1,1,0,0
132,127,1,0,0,2,7,132,1,1,0,1
133,86,6,1,0,43,5,133,1,1,0,0
134,128,11,1,0,42,6,134,0,0,1,1
135,129,1,0,0,38,2,135,0,0,0,1
136,130,2,1,0,5,3,136,1,0,1,0
137,131,1,1,1,11,5,137,1,1,0,2
138,132,23,1,1,48,7,138,1,1,1,3
139,133,12,1,0,35,5,139,0,1,1,3
140,134,1,1,1,52,4,140,1,0,0,1
141,135,19,1,1,35,1,141,1,0,1,3
142,136,2,0,1,37,4,142,1,1,0,2
143,137,0,1,0,8,7,143,1,0,0,1
144,138,8,0,1,34,1,144,1,1,1,3
145,139,13,1,1,7,0,145,1,0,1,2
146,140,19,0,0,52,0,146,0,1,0,0
147,141,23,1,1,33,7,130,1,0,1,2
148,142,20,0,0,17,1,147,0,1,0,1
149,143,14,0,1,2,4,148,1,0,1,1
150,144,1,0,1,57,2,149,1,1,0,0
151,145,0,1,0,57,7,150,0,1,0,2
152,146,8,0,1,25,3,151,1,0,1,0
153,147,9,0,1,53,0,152,1,1,1,1
154,49,6,1,0,44,0,153,0,1,0,3
155,146,17,1,1,11,4,154,1,1,1,0
156,148,17,0,1,24,6,155,1,0,0,3
157,149,1,0,1,26,3,156,1,1,0,3
158,150,7,0,0,45,3,157,0,0,1,2
159,151,1,1,0,29,4,158,0,0,1,0
160,152,25,1,1,51,2,159,1,1,0,1
161,24,21,1,0,21,3,160,1,1,0,1
162,153,10,1,1,35,2,161,1,1,0,3
163,154,10,0,0,58,4,162,1,0,0,3
164,155,8,1,1,48,5,163,1,0,0,1
165,156,13,1,1,8,6,164,1,0,0,2
166,157,4,0,1,31,5,165,1,0,1,0
167,158,23,0,1,3,3,166,1,1,0,1
168,159,5,0,1,46,7,167,1,0,1,2
169,160,7,1,0,4,6,168,1,0,1,0
170,161,5,1,1,53,7,169,1,1,1,2
171,162,20,0,1,19,2,170,1,1,1,0
172,163,3,1,1,3,6,171,1,1,0,1
173,164,1,1,1,32,2,172,1,0,1,1
174,165,1,1,1,38,2,173,1,0,1,2
175,166,4,1,1,47,3,174,1,1,0,1
176,167,1,0,0,45,7,175,0,0,0,3
177,21,16,1,0,13,2,176,1,0,1,2
178,168,24,1,1,5,0,177,1,0,1,1
179,169,0,1,0,36,7,178,0,0,0,0
180,170,15,0,1,43,4,179,1,0,1,3
181,171,23,0,0,2,3,180,1,0,1,3
182,172,24,0,0,18,5,19,0,1,0,1
183,173,12,1,0,30,6,181,1,0,1,2
184,174,3,0,0,49,2,182,1,1,1,2
185,175,8,1,1,54,1,183,1,1,1,3
186,176,1,0,1,23,3,184,1,0,1,1
187,177,12,1,1,11,4,185,1,1,0,2
188,178,1,0,1,26,4,186,1,1,1,0
189,179,13,1,0,37,2,67,1,1,0,2
190,48,13,0,0,11,4,187,1,1,1,0
191,180,16,1,1,0,2,188,1,0,1,1
192,181,1,1,1,34,5,189,1,1,0,2
193,182,23,0,1,20,0,190,1,1,0,2
194,183,5,0,0,30,6,191,1,1,1,1
195,184,8,0,1,13,7,32,1,1,1,1
196,185,2,1,1,2,1,192,1,1,0,1
197,115,22,0,1,25,1,193,1,0,0,2
198,186,1,0,0,58,6,194,1,1,0,0
199,178,5,1,1,42,1,195,1,0,1,0
200,187,1,0,1,5,4,196,1,0,0,3
201,7,23,1,1,30,7,197,1,1,0,0
202,188,16,0,1,38,1,198,1,0,0,3
203,189,10,1,0,43,7,199,1,0,1,1
204,190,17,0,0,25,3,200,1,0,1,1
205,191,1,1,1,17,5,188,1,0,0,1
206,192,1,1,1,19,3,201,1,0,0,1
207,193,21,0,0,14,2,202,0,0,0,0
208,194,11,1,1,21,7,203,1,1,0,2
209,195,1,1,1,59,3,204,1,1,1,2
210,196,19,1,0,13,1,205,1,0,0,1
211,197,12,0,0,2,5,206,1,0,0,1
212,198,0,0,0,36,2,207,0,0,1,3
213,199,4,0,1,16,2,191,1,1,1,1
214,200,9,1,1,28,4,208,1,1,1,3
215,201,1,0,1,1,1,209,1,1,0,2
216,202,3,1,1,14,5,210,1,0,0,3
217,203,10,0,1,9,2,211,1,1,0,0
218,204,1,0,1,6,1,212,1,0,0,0
219,205,11,0,0,21,2,213,0,1,1,2
220,206,14,1,1,45,2,214,1,0,0,3
221,207,1,0,1,33,0,215,1,1,0,3
222,208,8,1,0,12,6,216,0,0,1,2
223,209,1,1,1,47,3,217,1,0,1,1
224,210,7,1,0,18,6,218,0,0,1,2
225,211,13,0,1,9,0,219,1,1,0,2
226,212,23,1,1,14,4,220,1,1,0,2
227,213,6,1,0,52,5,221,0,1,1,1
228,214,22,1,1,51,6,222,1,0,0,1
229,215,19,0,0,6,1,223,0,1,0,2
230,216,1,0,0,16,2,224,0,0,1,2
231,217,19,1,0,7,4,225,0,1,0,2
232,218,9,1,1,52,5,226,1,0,1,3
233,219,9,1,0,31,1,32,1,1,1,0
234,220,4,0,1,26,0,227,1,1,1,1
235,182,19,0,1,27,4,228,1,1,1,3
236,221,13,0,0,32,2,60,1,0,0,0
237,222,2,1,1,26,2,229,1,1,0,2
238,223,1,0,0,18,7,230,1,0,0,0
239,224,1,0,0,14,6,231,1,1,0,3
240,225,0,0,1,14,5,232,1,1,0,1
241,226,15,1,0,4,7,233,1,0,1,1
242,227,1,0,1,21,3,234,1,0,1,2
243,228,22,0,0,3,2,235,1,1,0,1
244,229,7,0,1,51,7,164,1,0,1,2
245,230,9,1,0,28,7,236,1,0,1,2
246,231,24,1,0,13,0,144,0,0,0,3
247,232,9,0,1,39,6,237,1,1,1,0
248,233,2,0,0,0,2,238,1,0,0,0
249,234,16,1,1,43,0,239,1,0,1,3
250,235,2,1,0,41,0,240,0,1,0,1
251,236,1,0,0,36,2,241,0,0,1,1
252,237,15,1,1,36,5,242,1,1,0,0
253,238,11,1,0,0,6,243,1,1,0,3
254,239,15,1,0,15,4,244,0,0,1,3
255,240,21,0,1,20,7,245,1,0,1,1
256,241,13,0,1,54,6,246,1,1,0,3
257,242,1,1,0,53,7,247,1,1,0,0
258,243,19,1,1,21,1,248,1,1,1,3
259,244,14,1,1,26,3,249,1,1,0,2
260,245,1,1,1,60,7,250,1,0,1,0
261,246,15,1,0,47,6,251,1,1,0,0
262,247,1,0,1,57,4,252,1,0,1,3
263,248,21,0,0,61,6,253,0,1,1,3
264,249,12,0,0,55,0,254,1,0,0,2
265,250,14,0,1,20,0,255,1,1,0,0
266,251,1,0,1,33,3,256,1,1,1,2
267,46,11,1,1,18,3,257,1,1,0,0
268,252,14,1,0,17,2,258,1,1,1,1
269,253,17,1,0,61,4,259,0,1,1,0
270,254,5,0,1,0,7,260,1,1,1,3
271,255,8,1,1,54,5,261,1,1,0,3
272,256,24,1,1,44,4,262,1,1,0,2
273,257,1,1,0,48,1,263,1,0,0,0
274,258,9,1,1,43,0,264,1,1,0,1
275,259,6,0,0,62,6,265,1,1,0,1
276,260,1,0,1,25,6,266,1,1,0,2
277,253,7,1,1,19,6,267,1,1,1,0
278,261,24,0,1,56,7,268,1,0,0,3
279,55,1,0,0,16,5,269,0,0,0,3
280,262,7,0,1,42,3,270,1,0,1,2
281,263,21,1,1,33,1,271,1,0,0,2
282,264,3,0,1,49,7,272,1,0,0,0
283,265,15,0,1,26,1,273,1,0,0,0
284,266,8,1,0,57,5,89,1,0,1,1
285,267,22,0,1,31,4,274,1,0,1,0
286,268,22,1,0,38,7,275,0,0,1,2
287,269,23,0,1,6,5,276,1,1,1,2
288,270,16,1,1,58,4,277,1,0,0,0
289,3,1,1,0,32,3,278,0,0,0,0
290,271,8,1,0,36,0,279,0,1,0,2
291,269,4,1,0,38,7,280,0,0,0,2
292,272,22,0,0,7,3,281,1,1,0,1
293,273,1,0,1,39,2,90,1,1,0,2
294,103,14,1,1,29,2,282,1,1,1,3
295,274,18,0,1,57,7,283,1,0,1,0
296,275,12,0,0,40,5,284,0,1,1,2
297,276,9,0,0,10,3,285,1,0,0,0
298,277,1,1,0,57,5,129,0,1,1,3
299,42,1,1,1,18,7,286,1,0,0,0
300,278,4,0,0,46,4,287,1,1,1,2
301,279,11,1,0,20,3,288,0,1,0,3
302,280,10,0,1,57,4,289,1,0,0,3
303,281,1,1,0,40,0,290,0,1,0,2
304,282,10,0,1,45,0,291,1,0,1,3
305,283,18,0,0,10,1,292,1,1,0,0
306,284,0,0,1,51,1,293,1,1,1,0
307,285,1,1,0,19,3,294,0,0,0,1
308,286,18,0,0,32,3,295,0,0,0,3
309,287,19,1,0,33,6,296,1,0,1,1
310,125,21,1,0,4,0,297,0,1,1,2
311,288,13,0,0,2,7,298,0,0,1,1
312,289,1,1,1,28,1,299,1,0,0,2
313,127,3,0,1,2,5,300,1,1,1,3
314,290,7,1,0,14,0,301,0,0,0,1
315,158,25,0,0,14,5,302,1,0,1,2
316,291,25,0,1,34,6,303,1,1,1,0
317,292,10,0,1,35,0,304,1,0,0,3
318,293,24,0,1,32,4,305,1,0,1,3
319,294,8,1,0,34,1,306,1,0,0,0
320,246,4,1,1,23,0,307,1,1,1,3
321,295,1,1,1,45,4,308,1,0,1,2
322,296,17,1,0,34,4,309,0,1,1,2
323,119,8,1,1,36,4,310,1,1,1,3
324,297,8,0,1,55,3,311,1,0,0,3
325,298,8,1,0,47,7,312,0,1,0,3
326,299,21,1,0,22,4,313,0,0,1,1
327,272,1,0,0,58,4,314,0,1,0,0
328,300,1,1,0,31,4,315,0,1,0,1
329,301,1,1,0,12,2,316,0,1,1,0
330,302,1,0,0,30,4,317,0,1,0,0
331,303,17,0,1,7,3,318,1,0,0,0
332,304,18,1,1,30,6,263,1,1,1,0
333,45,9,0,1,0,1,319,1,1,0,0
334,305,16,1,0,17,0,320,0,0,0,1
335,12,24,1,0,55,6,321,0,1,1,1
336,306,3,1,0,17,1,322,1,1,1,2
337,86,17,0,1,39,4,323,1,1,1,3
338,307,13,0,1,42,4,324,1,1,1,1
339,308,17,0,1,5,7,325,1,1,0,1
340,309,19,1,0,49,1,326,1,0,1,1
341,310,23,1,1,56,3,327,1,0,0,0
342,185,6,1,0,9,5,328,1,1,1,1
343,311,15,1,0,51,7,329,0,1,0,2
344,312,8,0,0,26,4,330,0,0,0,3
345,313,16,0,1,10,6,331,1,0,1,0
346,314,7,0,1,3,2,332,1,1,0,1
347,315,5,0,1,48,3,333,1,0,0,1
348,316,9,0,1,20,4,334,1,0,1,1
349,317,1,1,0,32,1,335,0,0,0,1
350,186,20,0,1,4,4,336,1,0,0,0
351,318,7,1,0,56,2,337,0,0,0,2
352,319,4,0,0,8,5,338,0,1,0,3
353,320,1,0,1,19,5,339,1,0,1,1
354,321,8,1,1,15,7,340,1,0,1,1
355,322,6,0,1,34,6,341,1,1,1,0
356,323,8,1,0,9,4,342,0,0,1,1
357,324,18,1,1,28,7,343,1,0,0,3
358,325,10,1,1,62,2,344,1,1,1,3
359,326,17,1,1,25,7,308,1,0,1,2
360,327,24,0,0,22,7,345,0,0,1,0
361,328,1,1,1,20,0,346,1,1,1,3
362,329,25,1,0,53,0,347,0,1,0,2
363,91,21,1,1,22,6,348,1,0,0,1
364,330,12,0,0,42,6,349,0,1,1,3
365,331,4,1,1,56,5,68,1,1,1,3
366,293,14,1,0,7,3,350,1,1,0,1
367,118,6,1,0,29,5,351,1,1,1,2
368,332,13,0,1,11,4,352,1,1,0,1
369,36,1,1,1,10,3,353,1,1,0,0
370,333,6,0,0,10,0,354,0,1,0,2
371,334,11,0,1,42,7,355,1,1,0,0
372,187,21,1,1,41,2,356,1,1,0,2
373,335,4,1,0,46,7,357,0,1,1,3
374,336,23,0,1,32,2,358,1,0,1,2
375,14,12,0,0,43,7,359,1,0,0,1
376,337,5,0,0,58,0,360,1,0,0,3
377,338,16,1,1,35,3,361,1,1,1,0
378,339,21,0,0,15,6,362,0,0,0,3
379,340,0,0,1,11,0,363,1,0,0,2
380,341,15,1,0,19,7,364,0,0,0,0
381,342,1,0,0,39,7,365,1,1,0,1
382,343,4,0,1,60,1,366,1,0,0,1
383,344,20,1,1,49,0,367,1,1,0,1
384,163,22,0,1,8,4,128,1,0,1,1
385,345,19,0,1,55,1,368,1,0,1,2
386,346,13,0,1,4,5,369,1,0,1,2
387,38,1,0,0,13,5,370,0,1,0,0
388,347,1,0,0,40,7,371,1,1,1,1
389,348,13,0,0,36,7,372,1,0,1,2
390,349,4,1,0,58,3,373,0,1,1,2
391,350,23,0,0,16,7,374,0,1,1,0
392,351,17,0,0,13,6,375,0,1,1,2
393,352,11,0,1,7,7,376,1,1,0,2
394,353,14,1,1,20,6,377,1,1,1,0
395,354,1,1,1,0,0,378,1,0,1,2
396,355,2,1,1,20,5,379,1,1,0,2
397,324,4,1,0,8,0,380,1,1,1,3
398,356,2,1,1,61,6,381,1,1,0,0
399,357,18,1,1,32,4,382,1,1,0,2
400,176,22,1,1,0,1,383,1,1,0,1
401,358,15,1,1,28,7,384,1,1,0,2
402,359,1,0,0,15,1,171,1,0,0,2
403,360,3,1,1,41,6,385,1,0,0,1
404,361,0,0,1,12,3,386,1,1,0,1
405,362,1,1,0,29,6,387,1,1,1,2
406,363,18,0,0,44,2,388,0,0,1,2
407,364,23,1,1,9,2,389,1,0,1,3
408,296,21,0,1,29,5,390,1,0,0,1
409,365,10,1,0,21,6,391,1,0,0,1
410,366,22,1,1,23,2,392,1,1,0,3
411,367,7,0,1,4,3,393,1,1,0,2
412,368,24,1,0,39,2,394,0,0,0,0
413,369,16,0,0,14,2,395,0,0,1,1
414,370,8,1,0,47,1,396,1,0,0,2
415,371,7,0,1,21,6,397,1,0,0,1
416,372,18,0,0,49,5,398,0,1,1,0
417,373,24,1,1,36,2,399,1,1,1,0
418,374,8,0,1,49,7,267,1,1,1,0
419,375,10,0,0,54,0,400,1,1,1,3
420,376,1,1,0,0,2,401,1,0,0,0
421,369,0,1,0,20,1,402,1,1,1,1
422,377,25,0,1,37,6,403,1,0,1,1
423,378,2,0,0,27,0,404,0,1,0,3
424,379,17,1,0,39,6,73,0,0,1,1
425,251,7,1,1,57,1,405,1,0,1,1
426,380,0,1,0,17,3,406,1,1,0,3
427,381,16,0,1,6,7,407,1,0,0,2
428,382,16,0,1,30,3,408,1,1,0,0
429,383,10,0,1,61,0,409,1,0,0,0
430,384,20,1,1,9,5,410,1,1,1,2
431,385,1,1,0,34,5,411,0,1,0,0
432,386,7,0,1,20,4,412,1,0,0,2
433,281,1,1,1,9,3,413,1,0,1,0
434,246,17,1,0,13,6,414,1,1,0,3
435,387,1,0,0,28,0,415,1,0,1,3
436,167,1,1,1,12,7,87,1,1,0,2
437,190,7,1,0,42,3,416,1,1,1,0
438,388,18,0,1,48,0,417,1,1,1,2
439,389,8,0,0,19,7,418,0,1,1,3
440,32,17,1,0,20,5,419,0,0,1,3
441,51,19,0,0,27,7,420,1,1,0,0
442,390,25,0,0,48,7,421,0,0,0,2
443,68,13,1,0,58,1,419,0,1,1,0
444,391,10,1,1,48,7,422,1,0,1,3
445,392,19,1,0,61,0,423,0,0,0,3
446,393,15,0,1,34,0,230,1,1,1,1
447,394,18,1,0,62,2,424,1,0,1,1
448,78,2,0,1,21,4,425,1,0,1,1
449,395,17,1,0,21,5,426,0,1,0,0
450,396,1,1,1,59,0,427,1,1,0,0
451,301,4,0,1,49,1,428,1,0,0,0
452,397,1,1,1,29,1,429,1,0,0,2
453,398,10,0,1,47,3,430,1,1,1,3
454,399,16,0,0,34,7,431,1,1,0,2
455,400,10,0,1,39,1,432,1,1,1,1
456,267,8,1,0,2,1,433,0,0,1,0
457,401,13,0,0,1,2,434,1,1,1,2
458,194,3,1,0,61,2,435,1,1,1,0
459,402,1,0,1,4,6,436,1,1,1,3
460,403,17,1,1,37,7,437,1,0,0,1
461,404,4,0,0,26,7,438,1,1,0,1
462,405,1,1,1,21,5,439,1,1,0,0
463,406,21,1,0,12,0,440,0,1,1,3
464,335,23,1,1,33,5,441,1,0,1,3
465,407,14,0,1,32,1,372,1,0,1,2
466,408,1,1,1,51,6,442,1,1,0,2
467,409,14,0,0,54,5,443,1,1,0,3
468,191,6,0,1,55,7,444,1,1,1,3
469,410,1,1,0,25,4,445,0,0,1,0
470,411,1,1,0,39,7,446,0,0,1,2
471,412,7,1,0,38,2,447,0,1,1,2
472,413,2,1,1,44,1,448,1,1,1,0
473,399,1,0,1,24,6,449,1,1,1,3
474,414,10,0,0,5,1,450,0,0,0,1
475,415,3,0,0,56,6,451,1,1,0,1
476,416,1,0,1,25,4,452,1,1,1,2
477,241,8,0,0,58,6,453,0,0,1,3
478,417,1,0,0,50,6,454,0,0,0,2
479,78,0,1,0,46,6,455,1,0,0,2
480,418,15,0,1,57,3,74,1,0,0,3
481,419,25,0,1,29,4,417,1,1,1,2
482,223,16,1,0,48,2,456,0,0,0,3
483,360,1,0,1,37,0,457,1,0,0,2
484,29,21,0,0,31,3,458,1,1,0,0
485,195,20,0,1,2,6,459,1,1,0,3
486,420,10,1,1,56,2,460,1,0,0,1
487,421,2,1,1,31,6,461,1,0,1,1
488,21,19,0,0,30,2,462,0,0,1,0
489,346,11,0,1,39,1,84,1,1,0,1
490,167,15,0,0,9,3,463,1,0,0,3
491,422,7,0,1,52,4,464,1,1,0,2
492,423,18,1,0,9,7,465,1,1,1,1
493,424,7,1,0,28,5,466,0,1,1,3
494,208,23,0,0,50,2,467,1,1,1,0
495,254,14,0,0,16,2,468,1,1,0,1
496,425,1,1,0,23,1,469,0,0,1,2
497,426,1,0,0,52,0,470,1,0,0,0
498,427,4,1,1,8,1,124,1,0,1,1
499,316,16,1,0,29,0,471,1,0,1,2
500,428,1,1,0,49,5,472,0,0,0,3
501,429,2,0,1,53,3,473,1,0,0,2
502,104,24,1,1,26,7,474,1,0,0,0
503,430,0,0,1,53,7,475,1,1,0,3
504,104,13,0,0,45,0,476,1,1,0,3
505,431,5,0,0,15,4,477,0,1,0,0
506,432,18,1,1,13,7,478,1,0,0,1
507,433,1,1,0,50,1,437,0,1,0,1
508,434,0,0,0,60,2,20,0,0,0,1
509,435,17,0,0,4,1,479,1,0,0,1
510,436,16,0,1,28,6,480,1,1,1,2
511,437,2,1,0,3,4,481,0,0,0,2
512,138,17,1,0,0,4,482,1,0,1,3
513,418,1,0,1,44,6,483,1,0,0,0
514,438,23,1,1,7,3,484,1,1,0,0
515,439,25,0,0,56,7,485,0,0,1,1
516,440,16,0,1,40,5,486,1,1,0,0
517,441,23,0,0,25,1,487,1,1,1,2
518,442,13,0,0,20,6,488,0,0,0,2
519,443,19,0,1,15,1,489,1,1,0,2
520,444,1,1,1,41,4,490,1,0,0,2
521,401,11,0,1,11,5,491,1,0,1,0
522,445,4,1,1,35,1,492,1,0,0,2
523,446,1,1,0,21,2,493,0,0,1,2
524,118,1,1,1,13,0,494,1,0,0,2
525,78,13,0,1,58,5,495,1,0,0,2
526,447,1,1,1,49,5,496,1,0,1,1
527,448,1,0,0,31,6,497,1,1,0,2
528,449,5,1,1,25,0,498,1,0,1,1
529,4,10,0,1,40,4,499,1,1,0,1
530,450,12,0,1,18,3,500,1,1,1,3
531,451,24,1,0,19,2,175,1,1,1,3
532,452,12,0,0,43,2,501,1,0,1,2
533,453,1,0,0,9,6,502,1,0,0,0
534,42,14,1,0,38,7,503,1,1,0,1
535,454,22,0,0,52,5,504,1,1,0,1
536,455,23,0,1,51,3,505,1,1,0,3
537,456,23,1,0,14,6,506,0,1,1,1
538,457,0,1,0,1,3,507,1,1,0,1
539,458,1,1,0,21,5,508,0,1,1,0
540,459,1,1,0,38,4,509,1,0,0,3
541,258,3,1,1,18,6,324,1,1,0,2
542,460,5,1,0,16,5,510,1,0,0,0
543,461,22,1,1,22,2,511,1,0,0,0
544,370,1,0,1,38,0,512,1,1,0,0
545,248,22,0,1,15,3,513,1,1,0,0
546,462,1,1,1,28,5,514,1,1,1,0
547,347,5,1,0,52,0,515,0,1,0,1
548,463,11,0,1,0,4,516,1,1,0,1
549,464,24,1,1,59,0,517,1,0,0,0
550,465,8,1,0,44,2,518,0,0,0,2
551,112,18,1,0,2,5,519,1,1,0,0
552,466,6,0,0,37,5,520,1,1,1,3
553,467,17,0,1,44,5,521,1,1,1,0
554,362,14,0,1,22,6,522,1,1,0,3
555,468,0,1,0,58,2,523,0,1,0,3
556,361,3,0,1,1,5,524,1,0,1,1
557,469,8,0,0,53,4,525,1,1,1,1
558,470,22,0,0,43,4,526,0,1,0,1
559,270,23,1,0,12,4,527,1,1,0,3
560,471,16,0,0,25,5,528,0,0,0,2
561,472,1,1,0,35,0,529,0,0,0,0
562,473,1,0,1,12,5,530,1,0,1,1
563,474,1,0,0,48,3,119,0,1,0,0
564,475,7,1,0,18,3,531,0,1,1,1
565,476,1,0,0,53,7,532,0,0,0,3
566,292,3,0,0,43,5,533,1,1,1,3
567,477,16,0,0,10,0,534,0,0,1,0
568,478,7,1,0,28,0,535,0,0,1,2
569,479,25,1,1,29,0,536,1,0,1,2
570,159,24,1,1,19,2,537,1,1,0,2
571,480,10,1,1,53,3,538,1,1,1,2
572,117,1,0,1,11,0,539,1,1,1,2
573,112,1,1,1,41,4,363,1,0,0,2
574,481,9,0,0,6,7,540,1,0,0,3
575,382,1,1,0,30,2,541,1,1,0,1
576,482,17,1,0,26,4,542,1,1,1,1
577,483,11,0,0,6,2,543,0,0,0,3
578,43,18,1,1,13,6,544,1,0,1,3
579,484,9,0,0,13,4,412,1,0,1,2
580,485,9,0,1,15,5,545,1,0,0,2
581,404,1,0,1,55,1,546,1,1,0,2
582,486,6,1,1,6,2,547,1,0,1,3
583,487,5,1,1,23,1,548,1,1,1,3
584,166,12,1,0,23,1,549,0,1,1,2
585,488,17,1,1,46,1,550,1,0,0,3
586,457,15,0,1,45,4,404,1,1,0,3
587,421,1,0,0,33,6,551,1,0,1,0
588,489,13,1,0,33,5,552,0,1,1,1
589,490,9,1,0,9,2,553,0,1,0,3
590,268,25,0,0,59,2,38,0,0,1,1
591,491,13,0,1,16,4,554,1,0,0,2
592,492,1,0,0,34,2,555,0,0,0,0
593,196,7,0,1,41,1,556,1,1,1,2
594,493,15,1,0,49,6,321,1,1,0,1
595,364,1,1,0,46,1,557,0,0,0,3
596,494,5,0,0,47,0,558,1,0,1,1
597,495,9,0,0,27,5,559,1,1,0,1
598,93,0,0,1,48,2,560,1,0,1,3
599,496,17,0,1,27,7,561,1,0,1,3
600,292,6,1,0,33,3,562,1,1,0,0
601,275,24,1,1,4,6,563,1,0,0,2
602,497,18,0,0,40,5,564,0,0,1,3
603,498,17,1,0,0,7,565,1,0,1,0
604,499,1,1,1,61,0,566,1,0,1,0
605,500,21,1,1,57,2,567,1,1,0,1
606,501,18,0,1,30,7,568,1,1,0,1
607,502,21,1,1,59,7,569,1,1,0,3
608,503,21,0,1,38,5,570,1,1,1,1
609,504,12,0,1,11,6,571,1,1,0,1
610,300,10,0,0,57,1,572,0,0,0,3
611,505,22,1,0,54,0,573,0,0,1,0
612,349,8,1,1,43,7,574,1,1,1,2
613,506,14,0,0,6,1,575,1,0,0,3
614,507,5,1,0,22,7,576,0,0,1,1
615,324,1,1,0,4,5,577,0,1,0,1
616,508,19,1,0,29,4,578,0,1,0,2
617,509,15,1,0,16,4,579,1,1,0,0
618,144,19,1,0,38,2,580,1,0,0,2
619,510,17,1,0,22,0,581,1,0,0,1
620,301,15,1,0,23,6,582,1,0,0,1
621,511,1,0,1,42,3,583,1,1,1,0
622,208,25,1,1,56,7,584,1,1,1,1
623,33,16,1,1,43,4,585,1,0,0,1
624,512,21,0,1,39,6,586,1,0,0,0
625,513,17,0,1,49,6,587,1,0,0,0
626,514,0,1,1,43,1,255,1,0,1,3
627,515,11,1,0,29,1,140,0,1,0,0
628,516,1,1,1,46,3,588,1,1,0,3
629,517,25,0,0,59,5,589,1,0,0,0
630,518,19,0,0,22,7,590,1,0,1,3
631,58,11,0,1,58,2,591,1,0,0,2
632,166,8,0,1,15,5,592,1,1,1,0
633,519,3,1,0,49,1,593,1,1,1,0
634,520,6,1,0,7,3,594,1,1,0,2
635,521,25,0,0,50,1,595,1,1,0,0
636,522,1,1,0,7,7,596,0,0,1,2
637,523,1,0,1,31,5,597,1,0,1,1
638,524,1,1,0,37,2,598,1,1,0,0
639,525,1,1,1,17,5,599,1,0,1,0
640,526,1,0,0,35,2,296,0,0,1,3
641,527,24,1,0,48,7,315,1,0,0,1
642,58,2,0,1,52,3,600,1,1,1,3
643,298,1,0,0,11,1,601,0,0,0,1
644,218,22,0,1,48,2,602,1,0,1,3
645,528,16,1,0,35,5,603,0,0,0,1
646,100,1,1,1,24,2,604,1,1,1,3
647,529,15,1,1,47,4,605,1,1,0,0
648,530,1,1,0,1,6,606,1,1,1,2
649,531,18,1,0,59,4,607,0,1,0,0
650,532,12,0,0,34,7,494,0,0,1,1
651,529,2,0,1,50,5,608,1,1,1,1
652,533,4,1,0,47,7,609,1,0,0,3
653,534,14,1,0,59,7,120,1,1,1,0
654,535,1,1,1,49,1,610,1,1,0,3
655,536,21,1,1,0,5,611,1,0,0,2
656,407,8,1,0,35,7,612,1,0,0,1
657,116,13,1,1,44,6,613,1,1,1,0
658,427,11,0,1,28,3,591,1,1,1,2
659,537,5,0,1,28,6,614,1,0,0,1
660,538,18,0,0,42,1,615,1,0,1,3
661,539,20,0,1,22,5,616,1,1,0,3
662,540,1,1,1,11,1,617,1,1,0,0
663,541,3,0,1,25,7,618,1,1,1,1
664,375,1,0,1,58,6,404,1,1,0,3
665,542,1,1,1,8,6,228,1,1,0,3
666,543,0,1,0,4,5,619,0,0,1,3
667,526,1,0,0,39,1,620,1,0,1,1
668,544,19,1,0,27,3,621,1,0,1,2
669,470,1,0,1,48,6,267,1,0,1,0
670,545,4,1,0,31,6,622,1,1,1,1
671,546,9,1,1,62,7,623,1,1,1,0
672,547,14,1,0,53,7,624,0,1,1,3
673,548,1,0,0,53,2,625,0,1,1,3
674,311,12,1,1,44,1,626,1,0,1,3
675,526,2,1,1,5,4,627,1,0,1,1
676,549,1,0,1,34,0,628,1,0,1,2
677,432,5,0,1,12,3,629,1,1,1,1
678,550,19,1,0,40,3,630,1,1,0,2
679,551,17,0,0,24,2,631,1,0,0,3
680,552,15,0,1,40,7,46,1,0,1,2
681,553,5,0,1,29,7,632,1,1,1,1
682,554,24,1,1,2,4,633,1,0,1,0
683,555,2,1,0,31,7,634,1,0,0,1
684,556,1,0,1,52,1,635,1,0,0,0
685,557,1,0,0,47,7,636,0,1,0,3
686,558,15,0,1,24,2,637,1,1,0,1
687,280,1,1,0,15,0,638,0,0,0,3
688,559,6,1,1,2,6,639,1,1,0,3
689,560,1,0,1,20,3,640,1,1,0,0
690,561,15,0,1,58,2,641,1,0,0,2
691,562,12,0,0,10,6,642,0,1,1,3
692,563,11,0,0,18,2,643,0,0,0,2
693,564,21,0,1,13,5,644,1,0,1,0
694,32,13,0,0,8,4,645,0,0,0,0
695,38,18,1,1,20,1,646,1,0,0,0
696,283,16,0,0,37,2,647,1,0,0,2
697,565,1,1,0,5,3,648,1,0,1,1
698,566,10,1,0,9,2,649,0,1,1,1
699,547,6,1,1,15,1,650,1,1,0,3
700,495,8,1,1,56,1,534,1,1,1,3
701,567,16,0,0,62,4,651,0,1,1,2
702,447,21,0,1,39,4,652,1,1,1,3
703,446,1,1,1,16,2,653,1,0,1,2
704,65,2,1,0,30,7,654,0,0,0,2
705,469,6,0,0,43,7,655,1,1,0,1
706,568,3,1,0,28,2,656,1,1,1,2
707,569,0,0,1,14,3,657,1,1,1,2
708,279,7,1,0,59,0,658,0,1,0,2
709,570,25,0,1,22,7,659,1,1,1,3
710,571,24,1,0,47,0,660,1,0,0,1
711,572,9,0,1,30,5,661,1,0,1,0
712,573,14,1,0,61,0,662,1,0,1,1
713,333,16,1,1,56,7,663,1,1,1,3
714,574,13,1,1,7,0,664,1,0,0,2
715,575,16,0,0,27,1,251,0,1,1,0
716,576,14,1,1,26,6,665,1,0,0,3
717,520,23,1,1,48,1,666,1,1,0,0
718,333,9,0,0,14,2,667,1,0,1,2
719,577,18,1,1,51,7,668,1,0,1,0
720,578,17,0,1,10,0,669,1,0,1,2
721,579,1,1,0,19,6,670,1,0,0,2
722,61,1,0,0,25,7,671,0,1,0,0
723,476,1,1,0,49,5,318,0,1,0,3
724,580,1,0,0,21,1,672,0,0,0,0
725,581,22,1,0,44,3,673,0,1,1,0
726,582,4,1,1,46,7,674,1,1,0,1
727,461,5,1,0,0,1,323,1,1,0,0
728,353,14,0,0,22,1,675,0,0,1,2
729,106,7,1,0,37,4,676,1,0,1,2
730,198,5,1,1,56,3,677,1,0,1,3
731,583,8,0,0,14,4,678,0,1,0,1
732,584,1,0,1,32,7,679,1,1,1,3
733,585,13,1,1,25,7,680,1,0,0,2
734,586,24,0,0,12,7,681,1,1,1,1
735,587,1,0,0,47,6,682,0,1,1,3
736,23,2,0,0,20,3,683,0,0,0,3
737,551,23,0,0,32,7,684,1,1,1,1
738,54,22,1,1,29,7,685,1,0,0,0
739,588,9,1,1,50,1,614,1,1,0,1
740,589,6,1,0,59,3,686,0,1,0,2
741,590,3,1,0,51,0,687,0,0,1,2
742,591,3,0,0,19,3,688,1,1,1,1
743,592,7,0,1,55,4,689,1,1,1,0
744,593,7,1,1,46,4,690,1,0,0,1
745,289,8,1,0,38,5,691,1,1,0,1
746,594,8,1,1,37,4,692,1,1,0,2
747,291,1,0,1,9,0,693,1,0,0,0
748,595,23,0,0,54,1,148,1,1,1,1
749,596,23,1,0,44,1,694,0,0,1,2
750,597,6,1,0,1,0,695,1,1,0,2
751,598,14,0,0,38,0,696,1,0,0,0
752,514,12,1,0,23,3,697,1,0,1,0
753,599,2,0,1,21,6,698,1,0,0,1
754,600,15,1,0,44,4,699,0,1,0,0
755,601,25,1,0,36,2,700,0,0,0,1
756,602,1,0,1,27,1,701,1,1,0,3
757,603,16,0,0,40,3,702,0,1,0,1
758,604,6,1,1,29,1,703,1,1,0,3
759,605,14,1,1,46,3,704,1,1,0,2
760,606,4,1,1,16,6,44,1,1,1,3
761,607,7,0,1,14,2,72,1,1,0,3
762,608,1,0,0,57,7,705,1,0,0,3
763,609,19,0,0,35,5,706,1,0,1,2
764,610,17,0,1,50,2,707,1,0,0,2
765,611,8,0,1,0,7,708,1,1,1,3
766,435,10,1,0,38,0,709,0,0,0,1
767,484,1,1,0,31,3,607,1,0,0,1
768,612,0,0,0,43,3,229,1,0,1,2
769,613,1,1,1,47,0,710,1,0,0,0
770,614,18,0,1,34,5,711,1,1,1,2
771,615,1,0,1,13,0,712,1,0,1,3
772,314,24,0,1,31,0,713,1,0,0,0
773,50,22,0,1,28,4,0,1,1,1,1
774,616,23,0,0,44,7,714,1,0,0,3
775,617,11,0,1,36,1,715,1,0,0,3
776,618,11,1,1,55,0,716,1,1,0,3
777,619,1,0,1,46,7,717,1,1,0,2
778,620,5,1,1,19,4,718,1,1,0,1
779,73,2,1,1,27,5,719,1,0,1,3
780,358,0,0,1,27,2,720,1,0,1,1
781,621,20,1,0,28,7,721,0,1,0,1
782,622,8,0,1,28,0,722,1,0,1,0
783,335,19,1,0,35,4,723,0,0,0,3
784,623,25,0,0,17,6,724,1,1,0,1
785,624,11,0,0,57,5,56,0,1,1,3
786,620,7,0,1,41,1,725,1,1,1,2
787,625,13,1,1,32,0,726,1,0,0,2
788,626,11,0,1,56,4,727,1,1,0,1
789,627,22,0,1,41,1,647,1,0,1,2
790,628,6,0,0,11,2,728,0,1,1,3
791,10,1,0,1,6,2,729,1,0,0,2
792,629,13,1,1,18,3,383,1,0,0,1
793,39,10,1,1,1,3,216,1,0,0,2
794,630,14,0,0,47,5,730,0,1,0,1
795,219,0,0,1,57,2,731,1,1,1,1
796,631,12,0,0,3,7,426,1,0,1,0
797,632,8,1,1,2,7,732,1,1,1,3
798,633,25,0,1,19,7,733,1,0,0,2
799,565,8,1,0,5,1,734,1,0,1,2
800,634,10,0,1,30,4,735,1,0,0,0
801,635,9,0,0,48,4,736,1,1,0,3
802,569,0,1,1,10,1,737,1,1,0,3
803,324,4,0,0,26,6,738,1,0,1,1
804,636,1,1,1,15,3,739,1,1,1,0
805,192,14,1,0,23,2,477,0,0,0,1
806,637,2,1,0,22,1,740,1,0,1,2
807,499,16,0,1,3,0,741,1,1,0,2
808,638,13,0,1,3,4,495,1,0,0,2
809,301,16,0,0,4,7,742,0,1,1,2
810,639,15,1,1,8,6,743,1,1,0,3
811,640,1,0,0,19,2,744,0,1,0,3
812,641,5,1,0,47,4,745,1,0,0,3
813,642,16,1,0,38,4,458,0,1,0,0
814,574,21,1,0,49,3,746,0,1,1,3
815,404,1,0,0,10,4,747,0,0,0,1
816,643,25,0,0,34,6,362,0,1,0,3
817,644,10,1,0,19,7,283,1,1,1,0
818,632,1,1,0,39,2,748,0,0,0,1
819,645,10,1,1,20,4,749,1,0,0,3
820,646,1,0,1,25,1,750,1,1,1,3
821,98,15,1,1,43,0,751,1,1,0,2
822,647,18,1,0,35,7,752,1,0,1,2
823,648,9,0,1,10,5,151,1,1,0,0
824,249,9,0,0,47,3,753,0,0,0,2
825,6,5,1,0,0,1,754,1,0,1,2
826,649,1,1,1,56,3,755,1,0,0,1
827,650,1,0,1,8,3,756,1,0,1,2
828,651,1,0,1,54,7,757,1,1,0,2
829,652,0,0,0,31,4,39,0,1,0,0
830,534,5,0,1,37,1,758,1,0,1,0
831,653,1,1,0,52,0,759,0,0,0,2
832,351,1,1,1,41,3,760,1,0,0,3
833,621,14,1,0,7,7,761,0,1,1,2
834,654,16,1,1,22,5,762,1,0,0,2
835,149,14,0,0,8,4,763,1,1,1,2
836,390,5,1,0,36,2,764,0,1,0,2
837,655,1,0,0,27,4,765,1,0,0,1
838,656,1,0,0,43,5,766,0,0,0,1
839,657,21,1,1,39,4,767,1,1,0,2
840,658,14,1,1,16,6,768,1,0,1,1
841,659,4,1,0,59,1,769,0,1,0,0
842,537,18,0,1,29,0,122,1,1,0,2
843,430,19,0,0,38,5,689,0,0,1,1
844,405,1,0,0,21,1,770,1,0,1,2
845,660,18,0,0,41,7,771,1,0,0,3
846,661,23,1,0,53,4,772,0,0,1,3
847,662,19,1,1,38,3,773,1,1,1,2
848,118,21,0,0,18,1,774,0,1,1,3
849,663,17,0,1,38,0,743,1,1,1,3
850,664,5,0,1,36,7,775,1,1,1,2
851,665,17,1,1,46,6,776,1,0,0,1
852,666,11,1,0,2,0,777,1,0,1,0
853,43,11,1,1,19,3,589,1,0,1,3
854,248,24,0,1,3,6,163,1,1,0,1
855,577,16,0,1,10,5,778,1,0,1,0
856,667,7,1,0,57,1,779,1,1,0,1
857,668,2,0,0,22,0,134,0,1,1,1
858,500,1,0,0,45,5,780,0,0,1,0
859,669,18,0,0,26,1,781,1,1,1,1
860,670,1,0,1,50,2,782,1,0,0,1
861,458,23,1,0,59,7,783,0,0,1,3
862,671,1,0,1,35,0,784,1,0,0,1
863,672,3,0,1,59,5,74,1,1,0,3
864,153,13,1,0,27,7,55,1,1,0,1
865,673,7,0,0,29,0,193,0,0,1,1
866,674,6,1,1,50,7,785,1,0,1,1
867,675,25,0,1,19,7,786,1,0,1,2
868,676,22,1,0,56,1,787,0,0,1,3
869,645,7,0,1,53,6,788,1,1,0,3
870,677,7,1,0,7,1,789,1,0,0,2
871,396,14,0,1,7,0,790,1,0,1,2
872,460,1,1,1,54,1,791,1,1,1,0
873,678,25,1,1,34,3,441,1,1,0,3
874,679,24,1,0,27,0,792,1,1,1,0
875,446,5,0,1,12,4,793,1,1,1,3
876,680,6,1,1,29,3,794,1,0,1,3
877,681,5,0,0,39,2,795,1,1,0,2
878,479,4,1,1,1,2,376,1,0,0,2
879,682,8,1,0,55,0,796,1,0,1,2
880,425,15,1,1,17,2,736,1,0,1,3
881,340,17,0,1,22,3,797,1,1,1,1
882,61,15,1,1,43,1,622,1,0,0,1
883,228,7,0,0,5,4,798,0,1,0,0
884,683,1,1,0,16,3,799,0,1,0,1
885,255,16,1,0,26,7,800,0,0,1,1
886,684,16,0,1,52,6,801,1,1,1,1
887,441,1,1,0,28,5,802,0,1,0,3
888,214,6,0,0,48,4,554,1,0,1,2
889,670,4,0,0,42,2,803,0,0,1,0
890,685,9,0,0,19,4,804,0,1,0,0
891,128,5,1,1,33,7,805,1,0,1,2
892,372,1,1,0,46,2,806,1,1,1,2
893,686,17,0,1,25,0,681,1,1,1,0
894,687,25,0,0,53,1,807,1,1,1,1
895,126,17,1,1,14,1,808,1,0,0,2
896,403,14,0,0,14,4,809,1,0,0,1
897,688,1,0,0,19,2,810,1,1,1,1
898,689,15,0,0,29,6,295,1,0,1,3
899,530,1,0,1,40,6,811,1,1,0,2
900,690,1,0,0,11,5,812,0,1,0,2
901,108,4,1,1,31,3,552,1,1,0,3
902,297,2,0,1,58,0,813,1,0,0,1
903,328,15,0,1,1,6,687,1,0,0,1
904,437,21,0,0,44,1,814,0,0,1,3
905,691,18,0,0,9,1,815,1,1,1,2
906,692,3,1,1,31,4,816,1,1,0,2
907,633,20,0,0,1,4,817,0,0,0,3
908,568,4,0,1,44,1,255,1,1,0,0
909,693,4,0,0,43,6,818,1,0,1,0
910,694,1,1,0,40,6,819,1,0,0,3
911,695,7,1,0,3,0,820,0,1,0,0
912,696,25,1,1,13,0,821,1,0,0,1
913,697,6,1,1,1,6,822,1,1,0,0
914,698,19,1,0,42,6,823,1,0,0,2
915,193,5,1,1,14,4,824,1,0,0,0
916,699,1,0,0,35,1,825,1,0,1,3
917,700,19,0,1,59,1,826,1,0,1,3
918,701,1,1,1,23,7,827,1,0,1,2
919,702,18,0,1,24,3,828,1,0,1,1
920,483,18,1,0,43,5,829,0,0,0,3
921,573,12,1,0,46,1,830,0,1,0,0
922,703,16,0,0,19,4,392,0,0,1,3
923,549,0,0,0,36,2,831,0,1,0,0
924,489,24,1,1,39,4,832,1,1,0,1
925,383,21,0,1,45,4,833,1,0,1,0
926,84,22,1,0,18,6,834,0,0,0,0
927,173,4,0,0,12,6,835,1,1,0,1
928,394,0,1,0,41,7,167,1,0,0,1
929,215,23,1,1,12,0,836,1,1,0,3
930,704,23,0,1,31,4,837,1,0,0,2
931,705,1,1,0,31,1,597,1,1,0,1
932,147,7,0,1,4,6,254,1,1,1,2
933,393,19,0,0,7,1,838,0,0,1,0
934,102,1,1,1,13,1,160,1,0,1,1
935,519,25,1,0,0,4,839,1,1,1,2
936,643,24,0,0,29,3,840,1,0,0,2
937,706,3,1,0,12,5,841,1,1,1,1
938,289,10,0,1,49,1,842,1,0,0,1
939,78,12,0,0,11,1,28,1,1,1,1
940,376,14,1,1,16,5,843,1,1,1,2
941,707,1,1,1,8,0,560,1,0,1,3
942,708,8,0,1,10,7,844,1,1,1,3
943,709,14,0,0,0,6,845,0,1,1,0
944,710,7,1,1,19,1,846,1,1,1,3
945,103,11,0,1,11,3,847,1,1,1,2
946,711,1,1,1,28,5,848,1,0,1,3
947,712,13,1,0,32,4,583,1,0,1,3
948,391,1,0,1,12,0,849,1,1,1,1
949,713,16,0,0,2,6,850,0,0,0,0
950,714,1,0,1,12,0,710,1,0,0,0
951,225,13,0,1,11,3,851,1,1,1,0
952,681,8,0,0,18,7,702,0,0,1,2
953,546,14,1,1,49,2,852,1,0,0,3
954,502,25,0,1,17,5,853,1,0,0,0
955,715,21,1,1,20,1,541,1,1,0,2
956,231,17,0,1,26,5,821,1,1,0,2
957,716,8,1,1,10,6,854,1,0,0,2
958,81,2,0,0,42,4,855,0,0,1,0
959,160,1,1,0,8,4,856,1,0,0,2
960,717,6,1,0,0,0,857,1,1,0,1
961,583,1,1,1,25,3,858,1,0,1,2
962,718,7,1,0,0,4,859,0,0,1,0
963,719,10,0,1,41,7,860,1,0,1,0
964,720,22,1,0,19,2,861,0,0,0,1
965,119,1,1,0,15,5,862,0,1,0,2
966,721,4,0,0,29,0,863,0,0,0,3
967,583,18,1,1,12,5,864,1,1,0,3
968,722,1,1,0,11,4,865,1,1,0,0
969,723,20,0,1,18,1,314,1,0,1,0
970,700,14,1,1,35,5,238,1,0,0,0
971,724,3,1,1,10,0,268,1,0,0,3
972,223,10,0,1,10,6,531,1,1,1,2
973,725,25,1,0,43,4,866,0,0,1,1
974,726,1,1,0,49,6,867,0,0,1,3
975,727,1,0,1,17,4,868,1,0,0,0
976,116,1,0,1,13,3,741,1,0,1,2
977,728,2,0,1,46,2,825,1,0,1,3
978,516,5,0,0,60,0,869,0,1,0,2
979,13,2,1,1,17,2,870,1,0,1,0
980,729,17,0,0,29,4,871,0,1,1,3
981,730,7,1,1,46,5,872,1,1,0,2
982,731,5,1,1,4,1,873,1,1,1,2
983,494,16,0,0,15,7,777,1,1,1,0
984,732,1,1,1,27,6,874,1,0,0,3
985,577,25,1,0,21,6,875,1,1,1,3
986,555,20,1,1,30,7,876,1,0,1,3
987,733,2,0,1,22,7,877,1,1,0,2
988,446,1,1,1,44,2,335,1,0,0,2
989,734,1,0,0,27,2,878,1,1,0,0
990,374,12,1,0,15,7,401,0,0,1,0
991,735,14,1,0,39,7,879,1,0,1,0
992,736,16,1,0,31,6,880,0,1,1,0
993,737,1,0,0,48,3,881,0,1,1,3
994,738,16,0,0,37,3,882,1,1,0,3
995,376,14,1,0,14,1,883,1,1,1,2
996,620,1,1,1,3,0,884,1,1,0,1
997,577,1,1,1,15,5,885,1,1,1,3
998,230,22,1,1,45,3,886,1,1,0,2
999,739,20,0,0,30,3,887,0,1,0,2
1000,740,24,0,1,61,2,888,1,1,0,1
1001,741,12,1,0,20,0,889,0,1,0,3
1002,742,5,1,0,28,1,890,1,0,1,3
1003,743,5,1,0,11,7,891,1,0,0,3
1004,406,1,0,0,1,5,892,1,0,1,1
1005,161,17,0,0,46,2,893,0,0,0,2
1006,744,1,1,0,12,4,527,1,0,1,3
1007,745,9,0,1,29,0,300,1,0,0,0
1008,89,16,1,0,52,5,894,0,0,1,2
1009,746,0,0,0,21,2,663,1,0,1,0
1010,747,25,0,0,15,6,895,0,0,0,1
1011,19,12,1,0,26,0,896,0,1,0,3
1012,132,13,0,1,1,1,897,1,0,0,3
1013,553,19,0,0,1,3,818,1,0,1,1
1014,748,4,1,1,8,0,898,1,1,1,3
1015,749,1,0,0,10,6,899,0,0,1,1
1016,750,7,0,1,49,7,380,1,0,0,3
1017,751,1,0,1,61,4,900,1,1,0,2
1018,752,1,0,0,36,5,901,0,0,0,2
1019,405,15,1,1,34,6,902,1,1,0,0
1020,753,1,1,1,13,6,903,1,0,1,2
1021,754,1,1,0,60,6,763,0,1,0,2
1022,755,1,0,1,25,1,904,1,1,0,0
1023,756,12,0,0,46,1,360,1,1,0,3
1024,757,1,0,0,41,2,905,0,1,1,3
1025,758,2,1,0,14,1,906,0,0,0,3
1026,759,2,0,1,1,6,463,1,0,1,3
1027,760,21,1,0,51,0,907,0,1,1,0
1028,233,25,0,1,54,0,908,1,1,1,0
1029,491,13,1,1,18,2,909,1,0,1,1
1030,378,2,1,0,55,4,910,1,1,0,1
1031,692,1,1,0,37,3,412,0,1,0,1
1032,134,3,0,1,40,7,911,1,1,0,0
1033,761,13,0,0,2,6,718,1,0,1,1
1034,21,13,0,0,20,7,912,0,0,1,3
1035,762,4,0,0,12,1,913,0,1,0,3
1036,763,2,1,0,20,7,914,0,1,1,2
1037,764,4,0,1,24,0,663,1,1,0,3
1038,415,7,0,0,61,1,915,0,1,1,0
1039,459,1,1,1,11,2,916,1,0,1,0
1040,202,1,0,1,35,7,917,1,1,0,3
1041,765,8,0,1,36,7,361,1,0,0,2
1042,766,7,1,1,10,1,918,1,0,1,1
1043,412,7,1,1,55,0,919,1,0,1,3
1044,135,7,1,0,16,7,529,0,0,1,0
1045,767,11,0,0,36,7,218,0,1,1,1
1046,768,8,0,0,23,2,920,1,0,1,2
1047,314,3,0,0,43,5,921,0,1,0,1
1048,326,8,0,0,0,7,922,0,1,0,2
1049,769,4,1,1,5,4,166,1,1,1,0
1050,770,25,1,1,22,4,923,1,0,0,0
1051,344,4,0,1,59,1,924,1,1,0,0
1052,771,22,1,0,51,2,925,1,1,1,0
1053,669,10,0,1,48,5,926,1,0,0,2
1054,550,25,1,0,31,2,927,1,0,0,0
1055,62,25,1,0,15,0,928,0,0,1,0
1056,772,1,1,0,34,6,929,0,0,1,1
1057,773,1,0,1,8,3,147,1,1,1,1
1058,774,9,0,1,55,5,930,1,1,0,0
1059,775,20,1,1,38,5,849,1,1,1,1
1060,465,2,0,0,53,6,931,1,0,1,2
1061,776,25,1,0,61,4,932,1,0,0,0
1062,482,2,0,1,21,4,88,1,0,0,1
1063,777,1,1,0,55,3,802,1,1,0,3
1064,435,1,1,0,9,3,933,1,0,0,0
1065,778,1,0,0,32,1,934,0,1,1,3
1066,343,1,0,0,13,3,935,1,1,0,2
1067,187,1,0,1,13,3,936,1,1,1,3
1068,779,1,0,0,44,4,937,1,1,1,3
1069,125,12,0,0,31,6,938,0,0,0,3
1070,120,2,0,0,2,7,939,0,1,0,3
1071,780,25,1,0,24,7,940,1,0,0,0
1072,781,9,0,1,52,7,88,1,1,1,2
1073,782,17,0,0,19,1,941,1,1,1,3
1074,527,23,0,1,62,3,942,1,1,0,0
1075,783,24,1,1,3,4,943,1,1,0,0
1076,725,11,1,1,16,2,944,1,1,0,3
1077,160,24,1,0,60,1,464,1,0,0,2
1078,499,24,1,0,6,3,945,0,1,1,2
1079,271,1,1,0,13,5,12,0,1,1,1
1080,450,2,0,0,35,2,946,0,0,1,0
1081,784,12,0,0,33,3,663,0,1,1,3
1082,785,7,1,0,8,6,947,1,0,0,0
1083,223,11,0,0,51,7,948,1,0,1,1
1084,349,11,1,0,35,2,949,1,1,0,1
1085,609,1,0,1,41,2,950,1,1,0,1
1086,786,12,0,1,43,4,951,1,0,1,0
1087,598,1,0,0,41,1,831,1,0,0,0
1088,787,1,1,1,54,1,952,1,0,1,3
1089,70,21,0,1,55,0,953,1,0,1,0
1090,788,5,0,0,43,2,106,1,0,1,1
1091,20,24,0,1,46,0,954,1,0,1,1
1092,789,12,0,1,46,6,955,1,0,1,1
1093,561,2,1,0,62,6,956,1,0,1,3
1094,763,21,0,0,56,1,957,1,1,0,3
1095,14,2,1,1,3,7,958,1,1,0,0
1096,202,18,0,1,59,2,959,1,0,1,2
1097,352,1,1,1,59,0,809,1,1,0,0
1098,199,24,0,0,25,7,960,0,1,0,2
1099,419,1,0,1,24,6,961,1,1,1,3
1100,790,21,0,0,35,2,170,1,1,0,3
1101,791,1,1,1,53,4,962,1,1,1,0
1102,792,25,0,0,20,1,963,1,1,0,3
1103,352,16,1,0,40,4,964,0,0,1,2
1104,691,19,1,1,41,4,965,1,0,0,0
1105,80,2,1,0,17,0,966,0,0,1,3
1106,176,12,0,0,55,7,141,1,1,0,3
1107,793,23,1,0,11,7,967,0,0,0,1
1108,579,17,0,0,44,4,968,0,1,0,2
1109,794,17,0,0,37,0,969,0,0,1,2
1110,795,5,1,0,59,5,970,1,1,1,0
1111,796,22,1,1,60,3,971,1,1,1,2
1112,797,1,1,0,20,0,972,1,1,0,2
1113,798,8,1,0,42,5,973,0,1,1,0
1114,563,16,1,0,34,0,974,0,0,1,2
1115,513,1,1,0,5,3,975,0,0,1,1
1116,149,19,1,1,4,0,976,1,1,0,3
1117,799,14,1,1,46,5,977,1,1,1,1
1118,312,0,1,1,36,0,614,1,1,1,1
1119,136,6,0,1,11,6,978,1,1,0,2
1120,601,0,0,0,38,5,979,0,1,1,2
1121,800,16,1,1,59,2,980,1,0,0,2
1122,501,8,0,1,2,5,334,1,0,1,2
1123,801,8,1,0,40,4,713,1,0,0,0
1124,802,8,1,1,7,1,900,1,0,1,1
1125,803,22,0,0,49,1,496,1,0,0,1
1126,317,5,1,1,28,2,206,1,0,1,0
1127,312,5,0,0,38,4,981,0,1,1,1
1128,449,1,1,0,23,5,982,1,1,0,3
1129,180,3,1,1,10,7,842,1,1,0,1
1130,503,22,1,0,52,4,983,0,0,0,2
1131,804,25,0,1,62,5,984,1,0,0,1
1132,741,19,1,0,3,6,985,1,0,0,1
1133,805,19,1,1,41,2,986,1,1,0,0
1134,806,2,1,0,7,5,15,0,0,1,3
1135,807,21,0,0,35,4,987,1,1,1,0
1136,243,20,1,0,19,0,32,1,0,0,0
1137,808,5,1,0,24,0,988,0,0,0,3
1138,446,4,0,0,3,3,989,0,1,1,1
1139,804,23,0,0,41,3,990,1,1,1,3
1140,596,1,1,0,37,2,991,0,1,1,1
1141,722,16,0,0,6,6,992,1,1,1,1
1142,154,20,0,0,57,1,241,1,1,1,1
1143,700,3,1,1,52,1,993,1,0,1,1
1144,809,23,0,1,21,7,994,1,0,1,0
1145,810,12,1,1,56,6,995,1,1,1,1
1146,722,9,1,1,35,6,996,1,0,0,1
1147,811,22,1,1,40,3,997,1,0,0,3
1148,812,21,0,1,53,7,508,1,0,0,0
1149,793,21,1,1,4,3,998,1,1,0,0
1150,813,16,1,1,11,4,999,1,0,1,1
1151,580,23,0,1,59,1,1000,1,0,0,0
1152,814,9,1,0,56,5,1001,0,0,1,0
1153,184,11,1,1,18,2,847,1,1,0,2
1154,56,18,1,0,30,7,1002,1,1,1,3
1155,125,0,1,1,14,6,1003,1,1,1,0
1156,99,24,0,0,25,2,1004,0,1,0,2
1157,815,1,0,0,28,5,252,1,0,0,3
1158,294,24,0,1,22,7,1005,1,0,0,1
1159,459,7,1,0,33,1,62,1,0,1,3
1160,592,15,0,1,61,5,1006,1,1,0,1
1161,721,13,0,0,45,7,884,1,1,0,1
1162,816,3,1,0,60,1,1007,1,0,0,1
1163,817,18,0,0,38,5,1008,0,0,0,1
1164,735,16,1,1,33,1,315,1,1,0,1
1165,818,6,0,1,32,3,1009,1,1,1,3
1166,79,19,1,1,31,6,1010,1,0,1,3
1167,819,25,0,1,7,0,725,1,0,0,1
1168,820,13,0,0,4,7,1011,0,0,1,0
1169,331,1,0,1,21,2,1012,1,1,0,1
1170,821,14,0,0,50,5,1013,1,1,0,3
1171,822,18,1,0,21,3,1014,1,0,0,2
1172,312,1,1,1,20,1,133,1,1,0,0
1173,102,0,1,1,55,0,1015,1,0,1,2
1174,769,0,1,0,48,0,1016,1,1,0,1
1175,2,18,1,0,17,7,1017,1,0,1,1
1176,461,21,1,1,35,6,1018,1,0,1,2
1177,823,8,1,1,27,0,644,1,0,1,1
1178,113,1,1,0,43,1,1019,1,1,0,3
1179,345,1,0,1,0,6,1020,1,1,1,2
1180,359,19,1,1,6,3,670,1,0,1,2
1181,476,21,1,0,56,4,1021,0,1,1,0
1182,531,22,0,1,12,5,1022,1,1,0,3
1183,572,7,0,1,62,4,1023,1,0,1,3
1184,559,0,0,1,33,7,1024,1,1,0,2
1185,824,1,0,1,7,3,1025,1,0,0,1
1186,440,15,0,0,57,5,1026,0,1,0,1
1187,825,1,0,0,62,3,1027,1,1,1,3
1188,826,17,1,1,16,7,1028,1,1,0,2
1189,742,25,1,1,10,0,308,1,0,0,1
1190,600,1,1,0,27,1,1029,0,1,1,3
1191,808,0,1,1,3,7,558,1,1,1,2
1192,605,1,0,1,51,4,921,1,0,0,1
1193,728,19,1,0,31,4,1030,1,1,1,3
1194,827,7,1,0,24,5,98,0,1,0,0
1195,814,7,1,1,56,7,1031,1,0,1,1
1196,796,19,1,0,29,0,1032,1,0,0,1
1197,828,7,1,0,14,0,1033,1,1,0,0
1198,237,22,0,0,58,7,625,1,1,0,3
1199,289,25,0,1,46,0,1034,1,0,1,1
1200,784,23,0,0,53,3,1035,0,1,1,3
1201,152,18,1,0,59,1,1036,1,0,0,1
1202,577,15,1,1,44,2,923,1,0,0,0
1203,829,1,0,1,20,1,339,1,0,1,1
1204,741,2,1,1,2,6,1037,1,1,0,0
1205,830,22,1,1,5,5,211,1,1,0,0
1206,831,14,1,0,28,2,1038,0,0,0,2
1207,832,19,0,0,30,1,1039,0,0,1,3
1208,691,25,0,1,21,1,1040,1,0,0,0
1209,833,1,0,1,23,4,1041,1,1,1,0
1210,643,4,1,1,46,1,1042,1,0,1,1
1211,834,14,0,1,56,5,746,1,1,0,3
1212,344,2,0,1,6,6,1043,1,1,1,2
1213,282,10,0,0,27,6,1044,1,1,0,0
1214,705,1,0,0,53,1,245,0,1,0,1
1215,835,19,1,1,57,7,1045,1,1,0,1
1216,836,25,1,1,45,0,1046,1,0,0,0
1217,837,1,0,1,20,5,1047,1,0,0,2
1218,838,13,0,0,21,7,1048,0,0,1,1
1219,584,1,1,1,7,1,1049,1,0,1,3
1220,306,8,1,0,6,6,1050,1,0,0,1
1221,492,18,0,0,23,3,1051,1,1,0,1
1222,839,1,0,0,31,5,1052,1,1,0,1
1223,792,14,0,1,51,4,1053,1,1,0,2
1224,840,12,0,1,57,1,1054,1,1,1,3
1225,642,1,1,1,26,6,1055,1,0,0,3
1226,678,2,1,0,59,1,657,0,0,0,2
1227,841,2,0,1,41,4,1056,1,0,1,1
1228,838,4,1,1,34,4,482,1,1,1,0
1229,842,9,0,0,38,6,1057,0,0,0,1
1230,843,15,1,1,30,0,1058,1,1,0,3
1231,844,1,1,0,3,4,1059,0,1,1,3
1232,283,18,1,0,42,3,1060,0,1,1,1
1233,485,12,1,0,25,4,1061,0,1,1,2
1234,47,1,0,1,62,2,245,1,1,0,1
1235,845,1,1,0,33,7,1062,1,1,1,3
1236,846,1,1,1,41,7,1063,1,0,0,3
1237,704,2,0,1,53,2,1064,1,1,0,3
1238,729,10,0,1,54,4,1065,1,1,1,1
1239,847,14,0,0,16,0,999,0,0,0,2
1240,536,24,1,1,0,5,1066,1,1,1,3
1241,751,17,0,1,59,7,1067,1,1,0,1
1242,691,14,1,1,6,5,20,1,0,0,1
1243,848,3,0,1,28,6,853,1,1,0,0
1244,770,7,0,0,60,3,1068,1,1,1,0
1245,849,14,1,0,17,5,1069,1,1,1,0
1246,165,2,0,1,22,7,1070,1,1,1,1
1247,850,1,1,0,30,0,1071,1,1,0,0
1248,851,1,0,1,45,2,1072,1,0,0,3
1249,459,7,1,0,49,0,1073,1,0,1,1
1250,852,4,1,1,2,4,1074,1,1,1,0
1251,853,19,1,0,37,2,1075,0,1,0,2
1252,854,1,0,1,52,3,1076,1,1,1,2
1253,396,2,1,0,14,3,1077,1,0,0,3
1254,85,9,0,0,10,0,1078,1,1,0,3
1255,440,5,0,1,26,3,1079,1,0,0,1
1256,400,1,0,0,12,3,1026,1,0,1,2
1257,783,1,1,0,10,3,1080,0,1,1,0
1258,435,1,1,0,14,7,558,1,1,1,2
1259,855,14,1,0,0,6,1081,0,1,0,0
1260,294,13,0,0,24,4,736,1,0,1,3
1261,180,1,1,1,30,5,1082,1,1,1,2
1262,409,17,0,1,31,7,1083,1,0,0,2
1263,856,19,0,0,40,4,1084,0,1,0,3
1264,857,0,0,1,16,4,1085,1,0,1,0
1265,23,19,1,1,12,4,209,1,0,0,2
1266,858,21,0,1,0,1,1086,1,0,0,0
1267,859,9,1,1,54,4,1087,1,1,0,0
1268,860,24,0,1,15,0,1088,1,0,1,1
1269,404,5,1,1,49,1,65,1,0,0,2
1270,256,6,0,0,32,3,1089,0,0,0,3
1271,511,19,1,1,52,6,1090,1,0,1,2
1272,861,25,1,1,47,0,1091,1,0,0,3
1273,832,14,1,1,40,7,1092,1,0,1,0
1274,22,15,0,1,11,4,1093,1,0,0,0
1275,262,21,1,1,26,4,454,1,1,0,2
1276,797,13,1,1,19,5,1094,1,0,0,1
1277,805,23,0,0,51,5,1095,1,1,1,3
1278,862,25,0,0,13,7,1096,0,0,1,3
1279,22,5,0,0,46,4,611,0,1,0,2
1280,841,14,0,1,40,2,413,1,0,1,0
1281,863,13,0,1,26,3,657,1,1,1,2
1282,186,1,0,1,3,3,1097,1,1,0,0
1283,664,3,1,1,50,3,1098,1,1,1,1
1284,864,18,0,1,40,2,1099,1,0,1,1
1285,88,19,0,1,7,0,1100,1,0,1,2
1286,865,19,0,1,15,1,1101,1,1,1,3
1287,735,16,1,1,14,3,376,1,1,0,2
1288,866,7,1,1,61,2,1102,1,0,0,0
1289,3,1,1,0,46,2,678,1,0,1,0
1290,372,7,1,1,11,6,1103,1,1,0,3
1291,428,3,0,1,24,7,869,1,0,0,2
1292,867,5,0,1,52,6,521,1,0,0,3
1293,578,9,0,0,42,2,1104,0,0,1,1
1294,35,1,0,1,60,5,1105,1,1,0,3
1295,39,21,1,0,57,4,1106,1,1,0,1
1296,868,7,0,1,4,5,370,1,0,1,1
1297,26,22,1,0,32,7,1107,1,1,1,2
1298,420,13,1,0,56,7,1108,1,0,1,1
1299,869,5,0,0,10,1,1109,1,0,1,3
1300,194,21,0,1,26,0,1110,1,0,1,2
1301,341,5,0,0,15,0,1111,0,1,1,0
1302,443,12,0,0,23,2,1112,1,1,0,3
1303,870,12,1,1,8,0,1113,1,0,1,2
1304,413,4,1,0,46,7,726,1,0,1,2
1305,871,17,1,1,43,5,1114,1,1,0,0
1306,841,24,0,1,32,1,1115,1,0,0,0
1307,804,4,1,1,58,2,612,1,1,0,3
1308,84,16,1,1,26,1,1116,1,1,0,2
1309,409,17,0,1,23,2,1117,1,0,0,0
1310,779,12,1,1,4,6,1118,1,1,0,2
1311,774,25,1,1,13,4,1119,1,0,1,0
1312,872,11,0,1,26,6,1120,1,0,1,0
1313,255,1,1,1,31,2,1121,1,1,1,1
1314,873,1,0,1,2,0,1122,1,0,1,3
1315,80,5,1,0,53,1,86,1,0,0,0
1316,874,12,0,1,60,3,972,1,0,0,2
1317,875,11,1,1,9,6,1123,1,0,0,2
1318,876,1,1,1,23,4,1124,1,1,1,2
1319,56,17,0,0,9,7,1125,1,1,1,2
1320,877,17,0,1,12,7,1126,1,1,0,0
1321,651,1,0,1,45,2,335,1,1,0,2
1322,579,22,0,0,30,3,1127,0,1,1,3
1323,396,1,0,0,31,0,1128,1,1,0,0
1324,878,10,1,1,32,2,1129,1,0,1,0
1325,372,25,0,0,17,1,1130,0,1,0,3
1326,9,3,0,0,9,5,1131,0,0,0,0
1327,879,17,0,0,5,2,1132,1,1,0,2
1328,242,22,1,1,16,4,1133,1,1,1,0
1329,880,7,1,0,24,1,1134,1,0,0,0
1330,881,16,0,0,45,5,1135,0,0,0,1
1331,69,19,1,1,38,6,1136,1,1,1,0
1332,582,6,1,1,6,6,1137,1,0,0,0
1333,590,6,0,0,35,7,1138,1,1,1,0
1334,440,1,1,0,17,5,1139,1,0,1,0
1335,742,20,1,1,29,5,1140,1,0,1,1
1336,882,2,0,1,23,6,135,1,1,0,1
1337,592,21,0,0,42,6,1141,0,0,1,1
1338,625,16,1,0,40,0,429,0,0,0,2
1339,883,1,0,1,38,5,1142,1,0,1,2
1340,389,1,0,1,46,7,1143,1,0,1,1
1341,884,5,0,0,4,2,623,0,0,1,0
1342,481,1,1,0,3,3,22,0,0,1,0
1343,238,24,1,1,32,2,24,1,1,0,1
1344,263,5,0,0,32,2,1144,1,0,1,0
1345,168,1,0,1,21,0,351,1,1,0,1
1346,885,7,1,1,55,5,1145,1,1,0,2
1347,679,16,1,1,0,7,1146,1,1,1,1
1348,675,3,1,1,35,6,1147,1,1,1,3
1349,756,10,1,1,35,0,6,1,1,1,2
1350,886,14,1,1,58,4,454,1,1,1,2
1351,887,23,1,1,35,6,413,1,0,0,0
1352,595,1,1,0,56,0,1148,0,1,1,1
1353,888,2,1,1,32,5,759,1,1,1,2
1354,889,3,0,0,52,5,233,1,1,1,1
1355,890,16,0,1,36,5,853,1,1,0,0
1356,1,16,0,0,7,0,1149,1,1,1,0
1357,891,17,1,0,33,0,585,1,0,0,1
1358,236,14,1,0,20,6,170,1,0,0,0
1359,21,1,1,1,52,2,1150,1,0,1,0
1360,892,25,1,1,61,3,619,1,0,0,3
1361,688,21,1,1,31,2,1151,1,0,1,3
1362,393,0,1,1,32,4,1152,1,1,1,3
1363,893,1,0,0,40,4,990,0,1,1,3
1364,894,1,1,0,16,6,1153,1,1,1,1
1365,895,22,1,1,27,0,1154,1,0,1,0
1366,212,24,0,1,35,6,1155,1,0,1,0
1367,510,24,1,1,62,5,1156,1,1,1,1
1368,896,17,0,0,21,5,1157,0,0,1,3
1369,738,1,1,1,13,2,1158,1,1,1,1
1370,125,1,0,1,50,0,1159,1,0,1,3
1371,241,4,1,1,26,6,1160,1,0,0,1
1372,495,7,1,1,33,7,1161,1,0,0,1
1373,897,17,1,0,10,2,1162,1,1,1,3
1374,492,13,1,1,53,0,1163,1,1,1,2
1375,319,22,1,1,36,2,853,1,1,1,0
1376,507,18,1,0,6,6,35,1,1,1,3
1377,898,12,0,0,14,6,620,1,0,1,2
1378,121,1,1,1,20,0,864,1,0,0,3
1379,587,6,0,0,62,4,1164,0,1,1,0
1380,882,6,0,0,8,5,437,1,1,1,2
1381,899,0,1,0,57,6,1165,0,1,0,2
1382,900,7,1,0,28,5,1166,0,1,0,3
1383,697,1,1,0,3,1,1167,1,0,0,3
1384,290,22,0,0,56,2,1168,1,0,1,0
1385,901,1,0,0,45,6,1169,0,1,1,0
1386,902,14,1,0,10,6,114,1,1,0,2
1387,903,11,1,1,9,6,1170,1,0,0,1
1388,874,1,0,1,36,0,1171,1,0,1,2
1389,904,1,1,0,10,3,443,1,0,1,3
1390,365,22,0,1,32,2,1172,1,0,1,1
1391,905,2,1,0,35,1,1173,0,0,0,0
1392,210,1,1,0,61,2,1174,0,0,1,3
1393,681,8,1,0,26,4,1175,0,0,1,3
1394,589,14,1,1,43,5,1176,1,1,0,3
1395,66,23,0,0,61,6,1177,1,0,1,3
1396,507,21,0,1,58,3,1178,1,1,0,2
1397,844,11,1,1,35,5,750,1,0,1,3
1398,780,25,1,1,45,7,1179,1,0,1,3
1399,726,1,0,1,59,5,708,1,0,1,3
1400,906,1,0,1,12,6,1180,1,1,1,2
1401,757,1,0,1,41,5,575,1,0,0,3
1402,879,21,1,0,55,6,1181,1,1,0,1
1403,907,1,0,1,31,1,496,1,0,0,1
1404,806,1,0,0,33,0,1182,0,0,0,3
1405,658,1,1,0,22,5,426,0,0,0,0
1406,908,17,1,0,24,6,1183,0,1,1,0
1407,234,21,0,1,36,0,1184,1,1,0,1
1408,909,1,1,1,8,2,1019,1,0,0,3
1409,28,17,1,1,49,0,1185,1,0,0,3
1410,910,22,1,1,35,4,1186,1,1,0,0
1411,911,1,0,0,43,6,1187,0,1,0,0
1412,912,1,0,1,50,0,855,1,1,1,3
1413,588,8,0,1,3,5,1005,1,1,0,1
1414,668,15,0,0,53,7,1143,0,0,1,1
1415,913,13,0,1,50,6,206,1,1,1,1
1416,68,1,1,0,56,2,214,1,1,0,3
1417,201,22,0,0,28,5,1188,1,1,1,0
1418,914,8,0,0,4,2,1189,1,1,0,2
1419,915,1,1,0,46,6,744,0,0,0,3
1420,700,15,1,0,15,3,939,0,0,1,3
1421,315,16,1,1,26,3,473,1,0,0,1
1422,509,8,0,0,29,4,1190,1,0,0,1
1423,916,13,0,1,60,7,1191,1,1,1,2
1424,917,23,0,1,26,3,1192,1,0,1,0
1425,918,2,1,0,15,3,212,0,0,0,0
1426,362,13,1,0,51,5,458,0,0,1,0
1427,661,8,1,0,7,1,716,1,0,0,0
1428,919,7,1,0,3,5,1193,1,1,0,1
1429,920,9,0,0,2,6,1194,0,1,0,0
1430,791,4,1,1,4,5,1195,1,1,0,0
1431,252,25,1,1,31,6,1196,1,0,1,2
1432,921,18,0,1,35,5,1197,1,0,1,3
1433,265,0,0,1,6,5,742,1,1,0,2
1434,882,1,1,0,53,3,874,1,0,0,3
1435,763,2,0,0,33,2,1198,0,1,1,0
1436,792,6,1,0,55,0,544,0,0,0,3
1437,922,7,1,0,38,1,1199,0,1,1,3
1438,624,18,0,1,52,1,1200,1,1,1,3
1439,923,0,1,1,5,6,1201,1,0,0,3
1440,924,10,0,1,12,6,1202,1,1,1,2
1441,925,6,0,1,34,5,1203,1,0,1,1
1442,240,1,1,0,1,2,1204,0,1,1,0
1443,848,2,0,1,31,3,874,1,1,0,3
1444,839,2,0,0,12,6,1205,0,0,1,1
1445,265,1,1,1,23,5,427,1,1,1,0
1446,872,13,1,0,26,5,305,0,1,0,3
1447,464,15,1,1,27,3,600,1,0,0,3
1448,926,2,0,1,4,6,1206,1,0,0,0
1449,927,10,0,0,28,5,1207,0,1,1,1
1450,928,1,0,1,41,1,1208,1,1,0,3
1451,767,1,1,1,40,6,1209,1,0,0,0
1452,239,8,0,0,52,2,1210,0,1,0,0
1453,781,7,0,0,28,4,1211,0,1,0,1
1454,103,1,0,1,5,4,1212,1,1,0,0
1455,110,21,0,1,20,6,1213,1,0,1,0
1456,929,8,0,0,4,4,1214,0,0,0,0
1457,664,10,1,0,8,3,1215,0,1,1,1
1458,621,1,0,1,32,4,1216,1,0,1,0
1459,930,10,1,0,27,5,1217,0,1,0,2
1460,931,1,1,0,52,0,1180,0,0,0,2
1461,932,1,0,1,3,3,1218,1,1,1,3
1462,855,17,0,0,4,0,1219,1,1,1,2
1463,933,24,1,0,61,3,1220,1,0,0,1
1464,934,4,0,1,30,6,1221,1,1,0,3
1465,659,12,0,0,8,3,1222,0,1,1,0
1466,935,3,1,1,33,3,1223,1,0,0,1
1467,687,10,1,1,3,5,1224,1,0,0,2
1468,672,5,0,1,8,1,621,1,0,0,2
1469,466,0,0,1,33,6,1225,1,1,0,3
1470,756,18,0,1,30,1,1226,1,0,0,0
1471,911,8,1,1,27,1,1227,1,1,1,0
1472,275,22,1,0,36,4,1228,0,0,0,0
1473,896,9,0,1,3,6,1229,1,1,1,0
1474,234,12,0,0,45,3,142,0,0,1,2
1475,202,11,1,1,23,4,349,1,0,1,0
1476,936,9,0,0,56,4,1230,1,1,0,1
1477,937,15,0,0,16,5,844,1,1,1,3
1478,568,17,0,1,4,4,1231,1,1,1,1
1479,938,18,1,1,49,4,869,1,0,0,2
1480,678,21,0,0,40,3,1232,1,1,1,0
1481,939,8,0,1,33,6,1233,1,1,1,2
1482,940,17,0,1,52,3,1234,1,0,0,0
1483,941,5,1,0,28,0,1235,1,1,0,0
1484,215,1,0,0,7,2,1236,1,0,1,1
1485,145,17,0,0,22,5,1237,1,0,1,3
1486,942,3,1,1,5,1,119,1,1,1,0
1487,943,1,0,0,48,7,955,1,1,0,1
1488,173,16,1,0,42,2,1238,1,1,0,2
1489,19,3,1,1,19,7,1239,1,0,1,3
1490,944,24,0,0,40,1,1240,0,1,1,0
1491,860,22,1,1,56,4,1241,1,1,1,2
1492,728,1,1,1,45,4,1242,1,1,0,3
1493,945,1,1,1,39,5,45,1,0,1,3
1494,475,18,1,1,58,3,699,1,0,0,3
1495,190,20,0,1,30,0,183,1,1,1,3
1496,357,1,0,1,33,5,1243,1,1,1,3
1497,352,6,0,0,30,3,1244,1,0,0,2
1498,946,9,0,0,34,1,1025,1,1,0,0
1499,403,1,1,1,37,1,1245,1,1,1,1
1500,208,25,1,0,24,0,1246,1,0,1,1
1501,799,1,1,1,50,0,1247,1,1,0,1
1502,947,1,1,0,22,5,1007,1,0,1,0
1503,529,25,0,0,24,6,673,1,0,1,0
1504,908,13,1,1,54,3,815,1,1,0,2
1505,546,19,1,1,19,2,1030,1,0,1,3
1506,321,21,1,1,42,6,1248,1,1,0,0
1507,948,2,1,1,27,7,1249,1,1,1,1
1508,425,7,1,0,13,3,1250,1,0,0,1
1509,590,14,0,0,39,5,1251,1,0,0,2
1510,618,5,1,1,59,3,1252,1,0,0,0
1511,58,21,0,0,48,6,1253,1,1,1,0
1512,540,17,1,0,29,2,1254,0,0,1,2
1513,949,23,1,1,35,5,564,1,1,0,3
1514,950,1,0,1,31,4,940,1,1,1,0
1515,16,12,0,1,30,0,1255,1,0,0,3
1516,758,22,1,1,32,7,1106,1,0,1,0
1517,628,13,1,0,35,6,1256,0,1,1,2
1518,951,0,1,1,5,7,1257,1,0,1,2
1519,952,20,0,0,24,0,299,1,0,1,2
1520,98,14,0,0,6,4,1258,0,0,1,2
1521,401,1,1,0,8,5,53,1,0,1,0
1522,121,23,1,1,20,0,1259,1,0,1,0
1523,953,17,0,1,18,4,1260,1,1,0,3
1524,274,9,0,0,28,6,1261,1,1,0,0
1525,273,2,0,1,19,6,1262,1,0,1,1
1526,954,1,0,1,24,1,1263,1,0,1,1
1527,955,9,1,1,40,5,1264,1,0,0,2
1528,956,7,0,1,43,4,1265,1,0,0,0
1529,179,0,1,0,41,5,1266,0,1,1,0
1530,534,18,1,1,46,3,1267,1,0,0,3
1531,498,17,0,0,7,3,1268,1,0,0,2
1532,957,16,1,0,60,7,1269,0,0,1,2
1533,673,1,0,1,18,2,1270,1,1,1,3
1534,819,22,1,0,27,5,1271,1,1,0,1
1535,526,19,0,1,26,0,1272,1,1,1,1
1536,83,5,0,0,20,1,512,0,0,0,0
1537,611,24,0,0,38,6,930,1,1,1,1
1538,958,20,0,0,15,7,1273,0,1,1,1
1539,862,25,1,0,43,5,1274,1,1,0,3
1540,536,25,0,0,23,0,1275,1,0,1,1
1541,55,9,1,1,55,2,1276,1,1,1,2
1542,959,1,0,1,43,0,884,1,0,0,2
1543,37,1,1,1,4,5,1076,1,1,1,2
1544,223,19,1,0,33,4,985,1,1,0,1
1545,718,1,0,1,50,5,1277,1,1,1,1
1546,960,0,0,0,30,3,1278,0,1,0,2
1547,257,1,1,1,31,4,784,1,0,0,1
1548,961,1,1,1,50,1,603,1,1,1,1
1549,385,14,0,1,44,0,1279,1,1,1,0
1550,962,16,0,1,16,7,438,1,0,0,0
1551,348,10,1,0,13,7,1280,1,1,1,0
1552,180,25,0,0,41,5,1119,0,0,1,1
1553,613,22,1,1,55,3,699,1,1,0,3
1554,123,3,1,1,42,0,1281,1,0,0,0
1555,963,5,0,0,32,2,1282,1,1,1,3
1556,862,13,1,1,37,5,1203,1,0,1,2
1557,964,3,0,0,61,0,1283,0,1,1,1
1558,9,1,1,1,49,6,341,1,0,0,3
1559,189,6,0,1,56,3,1074,1,0,1,1
1560,435,1,0,1,58,6,1284,1,0,0,1
1561,450,17,1,1,35,2,1285,1,1,0,1
1562,906,22,0,0,28,4,1286,1,0,1,1
1563,628,0,1,1,61,0,1067,1,1,0,0
1564,232,25,0,0,13,3,1287,1,0,1,3
1565,437,1,0,1,16,6,1288,1,0,0,3
1566,853,21,0,0,40,0,1289,1,1,0,3
1567,965,6,0,0,38,6,71,1,1,0,0
1568,966,18,0,0,35,3,1042,1,0,0,1
1569,967,23,0,1,48,7,1290,1,1,1,0
1570,968,14,1,1,31,0,1291,1,1,1,3
1571,41,25,0,1,29,6,1189,1,1,0,2
1572,969,1,1,0,38,5,1292,0,0,0,1
1573,258,22,1,1,37,5,68,1,1,0,3
1574,650,19,1,0,57,0,786,1,1,0,2
1575,163,15,1,0,32,5,1293,1,0,1,1
1576,963,21,0,1,40,5,406,1,0,1,3
1577,79,4,0,0,14,4,1294,0,1,1,0
1578,970,1,1,1,6,2,1295,1,1,1,1
1579,218,12,1,1,50,3,1296,1,1,1,0
1580,539,22,0,1,49,0,1297,1,0,1,3
1581,971,23,1,0,15,0,715,0,0,1,3
1582,972,4,1,0,15,7,1298,0,0,1,3
1583,973,18,0,1,5,5,688,1,1,1,1
1584,658,23,1,0,11,6,1299,0,0,0,3
1585,250,5,1,0,56,4,538,1,1,1,2
1586,974,12,1,0,58,2,1300,0,1,1,0
1587,830,1,0,1,52,0,1301,1,1,1,0
1588,345,18,0,0,59,6,1137,0,1,1,1
1589,975,11,0,0,27,0,1302,1,0,1,2
1590,570,1,1,1,42,5,1303,1,0,0,2
1591,976,1,0,0,0,3,89,0,1,1,1
1592,121,5,0,0,62,6,810,0,0,1,0
1593,332,0,0,1,0,4,1304,1,0,1,1
1594,797,5,0,1,32,7,211,1,1,0,0
1595,977,20,1,1,43,1,1305,1,0,0,1
1596,103,1,1,1,23,2,10,1,1,0,2
1597,321,7,0,0,19,7,1151,1,1,0,3
1598,811,6,0,0,1,3,985,1,0,1,1
1599,67,1,0,0,60,4,1306,1,0,0,2
1600,960,8,1,0,59,6,1307,1,1,0,0
1601,568,3,0,1,31,0,1308,1,1,0,3
1602,967,14,1,1,6,4,1309,1,0,1,2
1603,584,0,1,1,16,5,1310,1,1,1,0
1604,978,24,0,0,23,2,1311,0,0,0,3
1605,402,22,0,0,31,5,1312,0,1,0,1
1606,506,1,1,0,9,3,1313,0,0,1,0
1607,979,4,1,1,8,6,135,1,0,1,1
1608,828,24,1,1,22,0,1314,1,1,1,0
1609,980,17,1,1,46,2,1315,1,0,1,1
1610,550,15,0,1,4,2,1316,1,1,0,2
1611,32,17,1,0,50,2,1158,0,1,0,1
1612,319,3,0,0,26,3,1317,1,1,1,2
1613,981,14,0,0,51,4,1318,1,0,0,1
1614,982,7,1,0,33,1,764,1,1,0,2
1615,983,15,0,1,6,5,1319,1,1,0,2
1616,405,1,1,1,16,7,1320,1,1,1,2
1617,984,24,0,0,2,4,121,1,0,0,2
1618,760,24,0,0,10,3,1321,1,1,1,1
1619,985,11,0,0,39,5,1322,1,0,0,1
1620,669,13,1,1,50,1,1323,1,0,0,1
1621,986,11,1,0,9,5,754,0,0,1,2
1622,768,15,0,1,2,6,1324,1,1,1,0
1623,987,21,0,0,62,4,543,1,0,1,0
1624,988,20,1,1,18,0,1325,1,0,0,0
1625,752,15,0,1,46,2,1326,1,0,1,3
1626,683,1,0,1,27,2,1327,1,1,1,3
1627,816,6,0,0,38,6,1328,0,0,0,2
1628,79,12,1,1,57,6,1329,1,1,0,1
1629,486,3,0,0,43,3,813,1,1,0,0
1630,989,17,0,1,29,0,1330,1,1,1,3
1631,268,1,1,1,30,5,1331,1,1,0,2
1632,557,6,0,0,17,3,203,0,1,0,2
1633,389,4,1,1,4,0,184,1,1,0,0
1634,564,24,0,1,61,6,1332,1,1,1,3
1635,662,7,0,1,62,1,1333,1,0,0,2
1636,990,1,1,1,54,0,1008,1,1,1,1
1637,540,1,1,1,17,2,43,1,1,1,0
1638,315,12,1,0,19,4,1205,0,1,1,1
1639,991,18,0,1,56,7,227,1,1,1,2
1640,477,7,1,0,2,5,149,0,0,0,1
1641,509,7,1,0,20,4,1334,1,0,1,1
1642,992,1,1,1,35,1,1335,1,0,1,2
1643,555,18,0,1,23,3,731,1,0,0,0
1644,494,4,1,1,44,0,1336,1,1,1,0
1645,566,9,1,1,23,6,705,1,1,0,0
1646,993,1,0,1,60,0,1337,1,1,0,0
1647,587,1,1,1,8,1,1338,1,1,0,3
1648,127,2,0,1,36,6,299,1,0,0,1
1649,994,19,0,0,0,7,98,0,0,0,0
1650,412,6,1,0,23,4,1339,0,1,1,3
1651,995,5,1,0,28,6,1340,1,1,1,0
1652,696,7,1,1,27,0,1341,1,0,0,3
1653,380,18,1,0,33,2,1342,0,0,0,2
1654,765,8,1,0,20,3,1343,0,0,1,3
1655,849,20,0,0,62,5,1344,0,0,0,2
1656,937,1,1,1,31,4,1345,1,0,1,0
1657,996,6,0,1,38,4,1346,1,0,1,0
1658,997,16,1,1,32,7,1347,1,1,0,2
1659,998,21,1,0,25,6,1348,0,0,0,2
1660,244,16,1,1,3,5,1349,1,1,0,0
1661,424,1,0,0,12,6,1350,1,1,1,0
1662,285,2,0,0,54,5,472,0,1,0,0
1663,999,19,1,0,30,6,711,0,0,0,2
1664,478,1,1,1,25,3,1011,1,0,0,1
1665,1000,6,0,1,38,5,1351,1,0,1,0
1666,218,1,1,1,55,3,120,1,0,1,2
1667,1001,1,0,1,11,4,1352,1,1,1,0
1668,986,9,1,0,56,4,1353,1,0,1,0
1669,829,21,0,1,32,0,515,1,0,1,1
1670,160,14,1,1,49,6,1354,1,0,1,2
1671,1002,20,0,1,20,2,1355,1,1,0,3
1672,119,21,0,1,7,5,1222,1,0,0,0
1673,296,22,1,1,47,6,1356,1,0,0,0
1674,353,3,0,0,58,3,1357,0,0,0,2
1675,1003,7,1,1,53,3,1358,1,0,0,1
1676,1004,15,0,0,13,4,1359,1,1,1,0
1677,582,25,0,1,21,7,1360,1,0,0,1
1678,656,9,0,1,9,6,1361,1,0,1,1
1679,1005,4,1,0,44,4,1362,1,0,0,2
1680,1006,1,1,1,14,5,1363,1,1,1,1
1681,640,1,1,0,51,6,1364,0,0,1,0
1682,599,7,1,1,0,2,1365,1,0,1,0
1683,85,18,0,0,2,2,1232,0,0,0,0
1684,731,1,1,1,14,0,734,1,0,1,2
1685,1007,14,0,1,62,4,1366,1,0,1,2
1686,559,7,1,1,23,6,421,1,0,1,2
1687,447,22,0,0,6,5,1367,0,0,1,3
1688,769,22,0,1,59,3,1368,1,0,0,2
1689,490,14,1,0,54,3,810,0,0,1,1
1690,442,1,1,1,8,2,1369,1,0,1,2
1691,1008,1,1,1,9,0,1370,1,0,0,0
1692,505,1,0,1,10,4,1371,1,0,1,2
1693,1009,1,0,1,40,0,333,1,1,0,1
1694,155,5,1,1,1,4,1372,1,1,0,0
1695,1005,0,1,1,8,7,1373,1,0,1,1
1696,1010,11,0,1,39,6,1032,1,0,0,2
1697,1011,8,1,1,58,0,1374,1,0,0,2
1698,1012,10,0,0,30,3,1375,1,0,0,3
1699,464,19,0,0,44,7,1376,1,1,1,3
1700,145,1,0,1,42,1,1377,1,1,0,3
1701,1013,8,1,1,8,1,1378,1,0,1,1
1702,1014,6,1,0,30,2,1379,1,0,1,1
1703,1015,13,1,0,31,6,917,0,1,0,3
1704,177,15,0,1,56,6,427,1,0,0,1
1705,474,13,1,1,59,6,1380,1,0,1,3
1706,338,8,1,0,49,4,1381,0,1,1,1
1707,754,1,0,0,22,6,243,1,1,1,0
1708,610,1,0,0,45,7,1382,1,0,0,2
1709,1016,1,0,1,32,5,1317,1,0,1,2
1710,1017,9,1,1,57,6,1383,1,1,0,3
1711,330,1,0,1,17,6,1384,1,1,1,0
1712,1018,1,0,0,35,5,947,0,0,0,1
1713,85,13,1,1,14,2,1385,1,1,0,3
1714,297,7,0,1,0,5,1386,1,1,1,1
1715,1019,24,1,1,0,5,1030,1,1,1,3
1716,316,22,0,0,56,7,1387,0,0,0,1
1717,426,15,1,0,23,6,121,0,1,1,1
1718,148,24,1,0,61,6,1388,0,0,1,1
1719,652,5,1,1,31,6,1389,1,0,0,3
1720,1020,23,0,1,7,1,1052,1,1,1,1
1721,861,10,0,0,43,6,1390,0,1,0,3
1722,179,17,0,1,4,7,1391,1,0,1,1
1723,464,12,1,0,31,4,1392,1,0,0,3
1724,1021,18,1,1,19,2,1393,1,1,1,1
1725,347,1,1,0,22,0,1394,1,0,0,0
1726,1022,15,1,0,50,0,258,1,0,1,1
1727,122,13,0,1,58,3,1395,1,1,1,2
1728,671,7,1,1,22,2,1396,1,0,0,0
1729,1023,11,0,0,6,7,1397,1,1,0,2
1730,1024,11,1,1,30,0,1398,1,1,1,3
1731,254,20,1,1,23,2,1399,1,0,1,3
1732,1025,1,1,1,9,2,1400,1,0,0,1
1733,290,8,1,1,15,0,185,1,0,0,1
1734,809,24,1,1,27,2,1401,1,1,0,2
1735,1026,1,0,1,39,5,82,1,0,1,2
1736,1027,12,1,0,23,4,364,0,1,1,0
1737,56,22,0,1,10,1,1402,1,1,1,1
1738,742,10,1,1,6,1,1073,1,0,1,0
1739,785,19,0,1,40,3,1403,1,1,0,0
1740,1028,1,0,0,53,5,1404,1,0,0,2
1741,166,13,0,0,58,3,1370,1,0,0,3
1742,96,22,1,0,22,5,590,1,1,1,3
1743,677,14,0,0,32,2,1405,0,0,1,1
1744,1029,1,1,1,61,5,298,1,0,1,0
1745,1030,24,0,1,60,7,1406,1,0,0,3
1746,732,1,0,1,10,0,1407,1,0,0,0
1747,312,11,0,1,44,1,526,1,1,1,1
1748,992,17,0,1,20,0,1408,1,1,1,0
1749,147,10,1,1,61,2,1409,1,1,1,2
1750,891,1,1,1,22,6,1410,1,1,1,3
1751,293,16,0,0,28,2,1411,0,0,0,0
1752,1031,1,1,0,4,0,801,0,1,1,2
1753,1032,16,1,0,3,6,1412,1,0,0,3
1754,983,4,1,1,37,3,1413,1,1,1,1
1755,92,17,1,1,59,4,378,1,0,1,2
1756,332,22,1,0,20,3,1414,0,0,0,2
1757,511,1,0,1,58,6,1415,1,0,0,1
1758,434,5,0,1,57,0,1416,1,1,0,3
1759,858,25,1,1,31,6,676,1,0,0,2
1760,54,16,0,0,4,1,1314,0,0,0,0
1761,276,4,0,1,13,5,1417,1,1,1,0
1762,579,1,1,0,11,5,1418,1,0,0,3
1763,667,3,1,0,33,0,1419,0,0,1,1
1764,882,18,0,1,5,0,1420,1,0,0,1
1765,191,2,0,0,4,5,1421,0,1,0,1
1766,1033,17,1,0,38,7,1422,0,0,0,3
1767,824,14,0,0,53,3,87,1,1,0,2
1768,1034,1,1,1,13,3,1423,1,1,0,2
1769,611,5,1,0,36,7,1424,1,0,0,3
1770,1035,15,1,0,19,5,209,1,0,1,2
1771,468,14,0,1,39,7,1425,1,1,0,1
1772,164,9,1,1,34,1,1426,1,1,0,2
1773,44,13,0,1,40,1,23,1,0,0,3
1774,1036,2,0,0,0,5,54,0,0,0,1
1775,475,20,0,1,43,0,1427,1,0,1,3
1776,1037,0,1,0,15,5,1428,0,1,1,1
1777,144,16,1,0,38,7,1429,0,0,0,0
1778,1038,21,0,0,27,1,1430,0,1,0,2
1779,583,6,0,0,38,1,1431,0,1,1,2
1780,113,25,1,0,17,1,1432,0,1,1,3
1781,251,16,1,1,34,1,577,1,1,0,2
1782,888,23,1,1,13,2,124,1,0,1,1
1783,1039,1,1,1,45,3,418,1,0,1,3
1784,1040,1,0,1,61,0,348,1,0,1,1
1785,1041,25,1,1,58,6,1433,1,1,1,0
1786,338,1,1,1,29,6,1434,1,0,0,1
1787,976,9,0,1,17,4,1435,1,0,1,2
1788,1014,1,1,1,13,6,1436,1,1,0,0
1789,1042,10,1,0,21,5,105,0,1,1,0
1790,720,1,1,1,49,2,1437,1,0,1,2
1791,1043,1,1,1,27,0,1438,1,1,1,3
1792,739,0,1,0,50,6,1439,1,1,1,0
1793,827,7,1,0,34,3,325,1,0,0,0
1794,967,22,0,1,17,0,1440,1,0,1,2
1795,1044,25,1,0,1,4,1441,0,0,1,3
1796,258,7,1,1,34,6,47,1,1,1,0
1797,1045,1,1,0,19,7,244,1,0,0,3
1798,1046,11,0,0,40,3,1442,0,0,1,0
1799,820,21,0,1,30,2,1443,1,1,0,1
1800,65,4,0,0,24,1,1444,1,0,1,3
1801,731,22,1,0,27,3,1445,1,1,1,0
1802,398,24,1,1,38,3,1446,1,1,1,2
1803,7,0,1,0,51,0,1447,1,1,0,2
1804,578,17,1,1,17,0,715,1,0,0,0
1805,165,1,1,0,56,2,1448,0,1,0,1
1806,1047,19,0,0,24,3,1449,0,1,1,0
1807,834,13,1,0,1,4,1450,1,0,0,3
1808,1048,1,0,0,46,5,1451,1,1,1,3
1809,747,8,0,0,43,7,822,0,0,1,0
1810,740,12,0,0,31,2,1452,0,1,0,3
1811,1049,18,0,1,41,7,1453,1,1,0,0
1812,1050,1,0,0,18,2,1454,1,1,0,3
1813,1051,10,0,0,26,6,1455,0,0,0,3
1814,834,14,0,1,36,0,1456,1,0,1,0
1815,881,1,1,0,38,2,1443,0,0,0,2
1816,865,4,1,1,15,6,1457,1,1,0,2
1817,866,21,1,1,23,6,1458,1,1,0,0
1818,1052,23,1,0,21,2,1019,1,0,0,3
1819,1053,1,1,1,46,2,662,1,0,0,1
1820,1054,25,0,1,52,2,198,1,0,1,3
1821,802,23,0,1,29,0,33,1,1,0,2
1822,813,21,1,1,9,7,1459,1,1,0,0
1823,1055,21,1,0,1,2,1460,0,1,0,1
1824,529,5,0,1,58,3,1461,1,1,1,1
1825,0,19,1,0,20,1,1462,0,1,1,0
1826,1056,8,0,0,57,4,1448,1,0,1,1
1827,146,8,0,1,56,4,1463,1,1,0,2
1828,756,0,0,0,23,1,1464,1,1,0,2
1829,671,4,1,1,39,3,1465,1,0,1,3
1830,1057,14,0,1,24,4,1466,1,0,0,3
1831,669,24,0,1,58,7,1467,1,0,1,0
1832,1058,13,1,0,9,4,1468,0,0,0,1
1833,963,21,0,1,2,1,1469,1,0,0,1
1834,64,0,0,1,22,7,1470,1,0,1,1
1835,1059,3,1,1,51,6,449,1,1,1,0
1836,218,16,0,1,40,5,1373,1,1,0,1
1837,1060,5,1,1,44,6,1295,1,0,0,0
1838,585,10,1,1,35,6,697,1,1,1,3
1839,718,5,0,1,6,0,1471,1,1,0,1
1840,122,21,1,0,32,0,1472,0,1,1,2
1841,1061,24,1,0,10,7,1473,0,0,0,3
1842,616,19,1,1,4,1,1474,1,0,0,3
1843,150,1,1,0,59,4,322,1,1,0,2
1844,459,9,0,0,35,7,1475,1,1,0,3
1845,968,1,1,1,26,4,1476,1,0,1,2
1846,1062,6,1,1,0,0,868,1,0,1,3
1847,1063,5,0,0,38,7,1477,0,1,0,3
1848,1064,9,0,1,62,7,339,1,0,0,2
1849,619,3,0,0,25,1,1024,0,1,1,2
1850,511,5,1,1,60,7,1478,1,0,0,3
1851,413,2,0,1,14,6,488,1,0,0,2
1852,720,19,0,1,24,6,944,1,0,1,3
1853,578,1,1,0,56,3,1270,0,1,0,3
1854,124,6,0,0,43,7,1389,0,1,0,3
1855,910,11,1,1,15,3,1479,1,0,0,3
1856,619,12,0,0,35,6,1047,1,0,1,2
1857,375,25,0,1,24,2,1480,1,0,1,2
1858,417,7,0,0,7,4,1468,1,1,1,1
1859,1065,13,0,1,15,7,1481,1,1,1,3
1860,40,2,0,1,47,0,1482,1,1,1,3
1861,782,22,0,0,0,0,1049,0,1,1,3
1862,778,15,0,0,45,5,555,1,0,1,3
1863,1066,5,1,1,15,1,1483,1,1,1,2
1864,259,7,0,0,49,7,23,1,0,1,3
1865,445,1,1,1,1,6,1484,1,0,1,1
1866,712,12,1,0,4,1,1485,0,0,1,2
1867,154,17,0,0,30,7,1051,1,0,1,1
1868,881,1,1,1,5,5,1486,1,0,1,2
1869,428,9,0,1,6,1,1487,1,1,0,2
1870,75,4,1,0,9,3,1488,0,0,0,1
1871,1067,21,0,0,41,7,1285,1,1,0,2
1872,715,6,0,1,48,1,101,1,1,1,0
1873,219,5,1,0,31,2,1489,1,0,1,3
1874,85,6,1,1,16,5,1490,1,0,0,1
1875,693,10,0,0,23,6,713,0,0,0,3
1876,344,14,1,1,1,3,1491,1,1,1,3
1877,872,3,0,0,56,3,1492,0,1,1,0
1878,1068,1,1,0,34,6,1493,1,1,0,0
1879,1060,19,0,1,1,4,1494,1,1,0,0
1880,62,14,0,1,56,2,1495,1,0,0,1
1881,1069,3,1,0,31,2,1496,1,1,1,1
1882,1070,8,1,1,38,7,1497,1,1,0,3
1883,694,15,0,0,3,3,1498,0,1,0,3
1884,508,4,1,0,61,4,538,0,0,1,2
1885,834,10,1,0,32,4,1499,0,0,0,3
1886,172,17,1,0,56,6,174,0,1,1,0
1887,497,8,1,0,10,1,437,1,1,0,1
1888,467,23,0,1,40,7,423,1,0,0,3
1889,736,17,0,1,19,5,1500,1,0,0,2
1890,393,7,0,1,50,4,1204,1,1,0,0
1891,1071,6,0,0,57,0,1501,0,1,1,3
1892,978,1,0,1,53,0,1502,1,0,1,3
1893,642,15,1,1,50,2,1503,1,1,0,2
1894,688,19,1,0,62,6,1504,1,0,0,3
1895,394,8,1,0,11,3,1252,1,0,0,0
1896,224,9,0,1,43,1,532,1,1,1,3
1897,1072,1,1,0,27,4,290,1,0,1,2
1898,1073,10,1,1,36,2,1505,1,1,0,2
1899,955,1,0,0,42,6,682,0,0,0,3
1900,1012,22,0,1,22,4,1359,1,0,1,0
1901,406,13,0,0,12,5,109,1,0,1,1
1902,255,21,0,0,7,6,1506,1,0,0,1
1903,1074,13,0,0,17,2,1006,0,0,0,1
1904,967,14,0,1,44,2,1507,1,0,1,2
1905,549,24,0,0,55,7,1376,1,0,0,3
1906,583,24,1,1,18,5,1159,1,0,1,0
1907,531,23,1,0,27,2,808,0,0,0,2
1908,1062,13,0,0,44,2,1508,1,0,1,2
1909,524,1,0,0,56,6,389,1,1,1,0
1910,435,22,0,0,59,1,635,0,0,1,2
1911,1075,3,1,0,12,0,1502,1,0,0,3
1912,1009,3,0,1,2,5,1509,1,1,1,0
1913,1019,3,1,0,36,6,1243,1,1,1,3
1914,1076,2,0,1,16,0,1510,1,0,1,3
1915,992,9,0,0,55,1,1511,1,1,0,1
1916,1077,8,0,1,62,0,1512,1,0,1,0
1917,1069,15,1,1,3,7,1112,1,1,1,3
1918,19,9,1,1,13,7,25,1,0,1,1
1919,895,23,0,1,44,0,1513,1,0,0,3
1920,1070,1,1,1,38,3,740,1,1,1,2
1921,460,2,1,0,2,4,1160,0,0,1,0
1922,706,9,1,1,44,5,1514,1,0,1,3
1923,1078,8,1,1,51,1,1160,1,1,0,1
1924,1023,14,0,1,40,2,1068,1,1,0,0
1925,976,1,0,0,35,3,1097,1,1,0,1
1926,415,1,0,1,33,7,1515,1,1,1,0
1927,871,25,0,1,36,7,1516,1,1,0,2
1928,252,23,1,1,8,1,1517,1,1,1,3
1929,22,14,1,1,59,7,1518,1,0,1,1
1930,826,16,0,1,53,5,1519,1,0,0,2
1931,162,10,1,1,8,4,257,1,0,0,0
1932,770,14,1,1,43,1,97,1,1,0,0
1933,1058,18,0,1,56,5,1051,1,1,1,0
1934,1079,4,0,0,19,6,753,0,1,1,1
1935,595,5,1,1,22,0,1520,1,0,1,0
1936,731,15,0,0,33,2,1521,0,1,0,2
1937,793,5,0,0,51,6,1522,0,0,0,1
1938,1080,1,1,1,14,4,1523,1,0,0,1
1939,416,2,0,1,54,2,1524,1,0,1,1
1940,918,1,0,1,38,6,710,1,1,1,1
1941,776,0,0,0,22,3,1525,0,0,0,2
1942,1081,2,0,1,0,3,1526,1,0,1,0
1943,1034,6,0,0,26,3,1049,1,0,1,3
1944,1082,1,1,1,0,2,257,1,1,1,3
1945,363,6,1,1,22,5,645,1,1,1,3
1946,1083,3,1,0,53,3,1144,0,1,1,3
1947,649,1,0,1,26,3,1527,1,1,1,1
1948,157,13,0,0,47,7,389,0,1,0,0
1949,665,10,1,0,34,7,1528,1,1,1,1
1950,990,14,1,1,31,1,661,1,1,1,0
1951,1084,7,0,0,13,7,1529,1,1,0,3
1952,72,21,1,0,55,5,1295,1,1,0,0
1953,812,2,1,1,34,4,764,1,1,1,2
1954,737,15,1,0,42,6,1530,0,0,1,3
1955,840,8,1,1,6,2,1419,1,0,1,2
1956,988,1,1,0,9,2,466,0,1,0,3
1957,78,5,0,0,23,2,1531,1,1,0,2
1958,329,12,1,0,44,6,1532,0,0,1,2
1959,594,9,1,0,6,3,1533,1,1,0,0
1960,58,18,0,0,31,3,1534,0,0,1,1
1961,726,5,1,0,25,2,60,1,0,0,3
1962,317,1,0,0,38,7,1535,1,0,1,1
1963,1085,22,1,0,41,1,1536,1,0,0,0
1964,134,25,0,0,33,6,1537,1,1,0,0
1965,265,13,1,1,48,5,1538,1,0,0,3
1966,407,3,1,0,35,0,1539,0,0,0,1
1967,1018,6,1,0,32,3,1540,0,1,1,0
1968,1086,9,1,1,22,0,1541,1,0,1,3
1969,183,16,1,1,26,5,567,1,1,1,1
1970,1087,19,0,0,45,2,1542,1,1,1,1
1971,261,11,1,1,47,7,1543,1,1,0,0
1972,270,24,0,1,11,3,609,1,0,1,3
1973,699,20,1,0,7,4,1544,1,0,0,2
1974,624,1,1,1,8,0,1235,1,1,1,0
1975,1088,24,0,0,31,5,541,1,0,0,2
1976,932,1,0,0,3,7,1545,1,1,0,3
1977,119,11,1,1,55,0,1546,1,1,1,1
1978,374,0,0,1,1,2,1547,1,0,1,0
1979,627,3,0,1,7,1,1548,1,0,1,0
1980,338,9,1,1,54,5,110,1,1,0,0
1981,362,12,0,0,26,1,521,0,0,0,0
1982,1089,14,0,0,2,3,1549,0,1,1,1
1983,1090,19,1,0,29,2,1490,0,1,0,1
1984,72,0,1,0,51,7,1550,1,0,1,0
1985,670,8,0,0,60,2,869,1,1,0,2
1986,1091,10,1,1,46,0,1551,1,0,1,0
1987,312,9,0,1,12,6,1265,1,1,1,3
1988,49,6,0,0,20,4,599,0,1,0,0
1989,797,7,0,0,50,1,1552,0,0,1,0
1990,234,23,0,1,42,4,1553,1,0,1,3
1991,305,18,0,1,4,5,1554,1,1,1,2
1992,710,6,1,0,22,1,1555,1,1,0,3
1993,1092,1,0,0,55,2,1556,1,1,0,2
1994,1093,0,0,0,28,4,1557,1,1,1,2
1995,905,1,1,1,56,3,1558,1,1,1,3
1996,651,12,1,0,16,6,1559,1,1,0,1
1997,614,10,1,1,42,5,1560,1,1,1,2
1998,404,10,0,1,11,2,475,1,1,0,3
1999,659,18,1,1,44,3,1561,1,1,0,2
2000,778,19,1,0,23,1,1320,0,1,1,-1
2001,683,1,1,1,25,2,1562,1,0,1,-1
2002,583,7,0,0,31,1,1563,0,1,0,-1
2003,968,1,1,1,47,5,1564,1,1,1,-1
2004,1094,13,0,1,14,3,1565,1,0,0,-1
2005,281,6,1,1,28,5,873,1,1,0,-1
2006,222,23,0,0,17,0,1566,0,0,1,-1
2007,652,23,1,0,62,4,1567,0,1,0,-1
2008,1095,6,1,1,47,2,1568,1,1,1,-1
2009,10,1,0,0,47,1,310,1,0,0,-1
2010,1096,0,0,0,41,7,1569,0,1,1,-1
2011,949,6,0,1,29,1,1485,1,1,0,-1
2012,1097,13,1,0,43,0,1570,1,0,1,-1
2013,380,0,1,0,15,2,1571,1,1,1,-1
2014,921,19,0,1,21,5,1572,1,1,1,-1
2015,431,9,0,1,1,5,1573,1,0,0,-1
2016,1098,1,1,1,58,0,1460,1,1,1,-1
2017,358,6,0,1,39,6,1574,1,0,1,-1
2018,519,4,1,1,51,0,726,1,0,0,-1
2019,216,12,0,0,51,6,828,0,0,1,-1
2020,1099,5,0,1,0,4,1575,1,1,1,-1
2021,1100,12,1,0,24,2,1576,0,1,1,-1
2022,704,4,1,0,28,0,1359,0,1,0,-1
2023,1101,25,1,0,46,2,1415,0,1,1,-1
2024,1102,4,1,0,23,1,974,1,1,1,-1
2025,1103,14,1,1,37,1,1577,1,1,0,-1
2026,1104,20,1,0,9,6,1578,1,1,1,-1
2027,773,1,0,0,19,2,226,0,1,0,-1
2028,33,1,1,0,50,2,216,1,0,0,-1
2029,1105,14,1,1,18,0,86,1,0,1,-1
2030,581,6,1,1,27,5,1579,1,0,1,-1
2031,175,12,1,1,57,5,1580,1,0,1,-1
2032,318,4,1,0,53,7,700,1,0,1,-1
2033,932,0,1,0,14,6,609,1,0,1,-1
2034,438,3,0,0,44,1,1027,1,0,1,-1
2035,494,8,0,0,8,3,178,0,0,0,-1
2036,962,10,1,1,19,3,545,1,0,0,-1
2037,218,5,1,1,61,3,1581,1,0,0,-1
2038,171,10,0,0,33,0,1582,1,0,1,-1
2039,1106,12,0,0,56,6,188,0,1,0,-1
2040,1107,13,0,0,17,0,1583,0,1,0,-1
2041,227,13,1,0,37,5,1584,1,0,0,-1
2042,167,1,1,0,40,3,936,0,0,0,-1
2043,1108,5,1,1,9,2,1260,1,0,1,-1
2044,590,8,0,0,39,1,1585,1,1,1,-1
2045,1109,4,0,1,20,7,285,1,1,1,-1
2046,1110,17,1,0,30,4,1586,0,1,0,-1
2047,408,25,1,1,12,6,1587,1,1,0,-1
2048,330,18,1,0,8,7,1351,1,1,1,-1
2049,348,24,0,0,45,7,960,1,1,1,-1
2050,892,10,1,0,53,5,597,0,1,0,-1
2051,1111,3,0,1,8,0,85,1,0,1,-1
2052,219,1,1,0,57,1,1588,0,1,0,-1
2053,1097,22,0,0,17,5,53,1,1,0,-1
2054,1003,5,1,0,30,7,1589,1,1,1,-1
2055,717,13,1,0,6,2,830,1,1,0,-1
2056,130,1,0,1,49,5,1590,1,0,0,-1
2057,570,2,1,0,0,6,1591,0,1,0,-1
2058,1095,13,1,0,50,7,1592,1,0,0,-1
2059,422,6,0,0,47,0,1593,1,0,0,-1
2060,660,11,1,0,5,5,1414,1,0,0,-1
2061,1100,2,1,0,57,6,1594,0,0,0,-1
2062,47,1,0,1,18,3,1595,1,0,1,-1
2063,211,17,1,1,16,4,646,1,1,0,-1
2064,903,3,1,1,5,1,1596,1,0,1,-1
2065,207,5,0,1,17,1,1597,1,1,1,-1
2066,1112,14,0,1,61,6,666,1,0,0,-1
2067,977,1,1,0,3,5,1598,0,0,0,-1
2068,1113,1,0,1,1,2,1599,1,1,0,-1
2069,1114,7,0,1,13,1,1600,1,1,0,-1
2070,479,1,1,0,42,4,1601,0,0,0,-1
2071,393,1,0,0,46,2,809,1,0,0,-1
2072,1115,3,0,1,33,1,397,1,1,1,-1
2073,209,11,0,1,53,1,1602,1,1,1,-1
2074,1116,11,1,0,36,4,1603,1,0,1,-1
2075,67,0,1,1,2,7,1604,1,1,0,-1
2076,946,24,1,0,26,3,1605,1,0,0,-1
2077,924,1,1,1,34,2,1606,1,0,1,-1
2078,823,18,1,1,30,4,1607,1,0,0,-1
2079,1117,23,1,1,29,3,280,1,0,1,-1
2080,307,13,1,1,57,2,1608,1,1,0,-1
2081,701,8,0,0,6,2,1463,0,1,1,-1
2082,1072,22,0,0,42,6,1609,1,1,1,-1
2083,1099,1,1,1,25,5,1610,1,1,1,-1
2084,1118,1,1,1,50,5,1611,1,0,0,-1
2085,1119,15,0,0,30,0,1066,1,1,1,-1
2086,1015,4,1,0,61,5,1612,0,0,0,-1
2087,320,4,0,1,32,1,1373,1,0,0,-1
2088,1023,24,1,0,39,3,582,1,0,0,-1
2089,230,13,1,0,31,5,723,0,0,0,-1
2090,213,4,1,0,4,5,1613,1,0,1,-1
2091,953,8,1,0,21,2,325,0,1,0,-1
2092,421,5,1,0,9,6,1614,1,1,0,-1
2093,651,1,0,1,48,7,683,1,0,1,-1
2094,1120,10,1,0,2,6,1615,0,0,0,-1
2095,1121,2,0,0,48,2,435,0,1,0,-1
2096,343,0,1,0,31,2,7,1,0,1,-1
2097,665,23,1,1,58,5,81,1,0,0,-1
2098,311,25,0,1,17,3,18,1,0,1,-1
2099,753,2,0,0,13,6,367,0,1,1,-1
2100,734,1,1,1,6,6,1542,1,0,1,-1
2101,631,19,0,0,15,5,1029,0,0,1,-1
2102,81,17,1,1,50,5,1616,1,0,1,-1
2103,520,15,1,0,15,7,1617,0,0,1,-1
2104,843,5,1,1,29,6,1618,1,0,0,-1
2105,101,16,0,0,46,0,81,0,0,0,-1
2106,440,22,1,0,50,4,1619,0,0,1,-1
2107,1122,16,0,1,21,6,1620,1,1,0,-1
2108,1110,14,1,0,29,5,1621,0,0,0,-1
2109,9,1,1,1,43,1,1622,1,0,0,-1
2110,1123,5,1,0,33,0,1623,0,0,1,-1
2111,459,10,1,0,36,0,1624,0,0,0,-1
2112,817,14,1,1,34,6,1625,1,0,0,-1
2113,1124,5,1,0,10,0,1626,1,0,1,-1
2114,1125,14,1,1,56,7,1627,1,0,1,-1
2115,1117,7,0,1,18,0,1628,1,0,1,-1
2116,581,1,0,0,15,7,596,1,0,1,-1
2117,873,15,0,0,62,1,1581,0,1,0,-1
2118,31,16,1,0,23,5,1629,1,0,1,-1
2119,1126,15,0,0,46,4,982,1,0,0,-1
2120,674,8,0,0,47,1,1630,1,1,0,-1
2121,524,1,1,0,62,4,1631,1,1,0,-1
2122,156,21,1,0,18,7,1632,0,1,0,-1
2123,938,11,0,1,34,2,1633,1,1,0,-1
2124,283,24,0,1,28,6,1114,1,0,1,-1
2125,1127,13,0,0,38,4,1634,0,1,1,-1
2126,257,4,1,0,47,2,1635,1,1,0,-1
2127,1128,20,1,1,6,5,497,1,1,0,-1
2128,506,1,0,1,13,2,1636,1,1,1,-1
2129,1129,1,0,0,52,0,1376,0,1,1,-1
2130,1130,10,1,0,38,7,683,1,1,0,-1
2131,1131,13,1,0,35,0,1637,0,0,1,-1
2132,405,1,0,0,6,3,1638,1,0,0,-1
2133,1070,25,0,0,22,3,1639,1,1,1,-1
2134,1132,14,1,1,57,7,1123,1,0,0,-1
2135,1133,5,0,1,3,0,1640,1,1,1,-1
2136,367,1,0,0,8,4,1641,1,1,0,-1
2137,470,1,0,0,36,5,118,1,0,0,-1
2138,1039,20,1,1,49,2,872,1,1,1,-1
2139,475,9,1,1,24,0,1642,1,0,1,-1
2140,879,1,1,1,24,0,994,1,1,0,-1
2141,124,7,1,0,4,2,1487,0,0,0,-1
2142,243,1,0,0,8,4,984,0,1,0,-1
2143,1134,23,1,1,20,3,1643,1,1,1,-1
2144,1135,20,1,0,38,0,1644,0,0,0,-1
2145,969,2,1,1,7,7,1645,1,0,1,-1
2146,1136,2,1,1,51,6,1409,1,0,0,-1
2147,439,25,0,0,4,0,1646,0,0,1,-1
2148,935,14,0,1,46,6,1647,1,1,1,-1
2149,374,24,0,1,25,4,1648,1,0,0,-1
2150,1137,18,0,1,23,7,1649,1,1,0,-1
2151,151,11,1,0,11,6,354,0,1,1,-1
2152,583,5,1,0,19,5,1650,0,0,1,-1
2153,1138,14,1,0,43,0,1651,0,1,0,-1
2154,745,1,0,1,18,1,1652,1,1,1,-1
2155,994,1,0,1,54,6,1653,1,1,0,-1
2156,922,1,1,0,13,7,1654,0,0,0,-1
2157,84,16,1,0,32,0,926,1,0,1,-1
2158,1139,18,0,0,0,0,827,1,1,0,-1
2159,589,11,1,1,19,0,1562,1,1,1,-1
2160,374,3,1,1,18,2,542,1,1,1,-1
2161,1140,23,0,0,17,0,1655,0,0,1,-1
2162,758,20,0,1,9,2,1110,1,1,1,-1
2163,894,7,1,1,53,1,899,1,1,1,-1
2164,529,9,0,0,28,1,185,0,0,0,-1
2165,893,17,1,1,42,5,1656,1,1,0,-1
2166,49,2,0,1,28,2,1657,1,1,0,-1
2167,1141,14,0,1,40,6,1658,1,0,0,-1
2168,848,20,0,1,37,4,1323,1,1,0,-1
2169,546,22,0,1,48,0,732,1,0,0,-1
2170,1142,24,0,1,55,7,875,1,0,0,-1
2171,975,1,0,0,6,4,1659,1,0,0,-1
2172,820,1,0,0,36,4,1660,0,1,1,-1
2173,164,12,1,0,41,2,1412,1,1,0,-1
2174,1143,1,1,0,35,2,1298,1,0,0,-1
2175,373,25,0,0,59,7,1661,1,1,0,-1
2176,947,17,1,0,47,6,48,0,1,1,-1
2177,263,2,0,0,8,2,1157,1,1,0,-1
2178,1144,10,0,1,3,5,1662,1,0,1,-1
2179,796,15,0,1,22,1,107,1,0,0,-1
2180,5,25,0,1,32,0,300,1,0,0,-1
2181,624,16,0,0,3,0,1663,0,1,0,-1
2182,543,1,0,0,7,4,1664,0,0,0,-1
2183,1145,7,0,0,39,1,1580,0,0,1,-1
2184,896,8,0,1,61,7,1665,1,1,1,-1
2185,797,6,1,1,8,5,1666,1,1,0,-1
2186,1146,5,1,1,16,4,1667,1,1,1,-1
2187,747,1,1,1,7,7,731,1,0,1,-1
2188,184,25,1,0,16,1,1668,1,0,0,-1
2189,1147,23,0,0,16,0,1210,1,1,0,-1
2190,1148,16,0,0,61,7,957,0,0,0,-1
2191,1018,10,0,1,13,0,1669,1,1,1,-1
2192,922,3,0,1,41,2,1670,1,1,1,-1
2193,880,16,1,1,62,4,1671,1,1,1,-1
2194,498,12,0,0,58,4,1672,0,0,1,-1
2195,971,24,0,0,14,4,1673,1,1,0,-1
2196,90,1,1,0,48,7,1674,0,0,0,-1
2197,1149,17,0,1,56,3,1675,1,1,1,-1
2198,1037,1,1,1,54,4,1676,1,0,0,-1
2199,1150,2,1,0,34,2,1677,1,1,1,-1
2200,1151,17,1,0,21,6,1678,0,1,0,-1
2201,969,2,0,0,13,2,1679,0,0,1,-1
2202,428,7,1,0,57,4,1680,0,0,0,-1
2203,1152,11,1,1,37,3,249,1,1,1,-1
2204,928,8,1,0,18,2,1681,0,0,1,-1
2205,882,3,0,1,47,3,1682,1,1,1,-1
2206,38,6,1,1,40,2,1108,1,1,0,-1
2207,429,1,0,1,25,7,1683,1,0,0,-1
2208,218,8,0,0,27,1,825,1,1,0,-1
2209,34,1,1,1,58,2,927,1,1,0,-1
2210,1153,0,0,1,2,3,994,1,0,0,-1
2211,825,1,0,1,37,1,1146,1,0,1,-1
2212,982,24,0,0,39,2,1684,1,1,0,-1
2213,1154,16,1,0,34,6,1685,0,0,0,-1
2214,1155,2,1,1,10,1,1686,1,0,1,-1
2215,912,23,0,1,6,5,1687,1,0,1,-1
2216,71,1,1,0,39,3,533,0,0,0,-1
2217,56,3,1,0,30,3,510,1,0,1,-1
2218,297,1,0,1,22,7,1688,1,1,0,-1
2219,529,10,1,0,27,6,1628,0,0,0,-1
2220,1156,23,0,0,38,1,1236,0,0,1,-1
2221,811,23,1,0,60,1,1689,1,1,1,-1
2222,297,1,1,0,62,1,1690,0,0,0,-1
2223,329,7,0,0,54,5,1390,0,1,1,-1
2224,1157,1,0,1,1,6,1339,1,1,0,-1
2225,1088,12,1,0,54,7,1691,1,0,1,-1
2226,578,1,0,1,49,2,1692,1,1,1,-1
2227,1158,5,0,0,49,0,501,0,1,0,-1
2228,37,8,1,1,45,3,1577,1,1,0,-1
2229,263,6,0,0,46,6,1693,0,1,1,-1
2230,488,20,0,0,57,5,1694,1,0,1,-1
2231,1159,14,1,1,4,7,1695,1,0,0,-1
2232,1160,7,1,0,44,5,1696,0,0,0,-1
2233,880,0,1,0,14,4,1697,1,1,0,-1
2234,1102,6,1,0,20,3,841,1,0,1,-1
2235,469,21,0,0,37,4,1698,0,1,0,-1
2236,691,1,0,0,30,4,1309,1,1,1,-1
2237,1158,1,1,0,2,1,1699,0,0,0,-1
2238,847,13,0,1,7,2,656,1,0,1,-1
2239,232,18,0,1,0,4,1381,1,1,1,-1
2240,1089,1,0,0,61,6,71,1,0,1,-1
2241,1161,13,1,1,21,7,1700,1,0,0,-1
2242,170,23,0,1,31,4,1701,1,1,0,-1
2243,173,9,0,1,50,2,1702,1,1,0,-1
2244,1162,20,1,1,36,3,1586,1,1,0,-1
2245,930,8,0,0,23,3,1642,0,0,1,-1
2246,1163,4,0,0,50,5,1703,1,1,0,-1
2247,913,1,1,0,46,0,1704,1,1,1,-1
2248,804,0,0,1,52,1,43,1,1,1,-1
2249,1164,11,1,1,2,0,1705,1,1,0,-1
2250,1074,5,0,1,34,1,1706,1,1,1,-1
2251,945,13,0,0,53,4,1707,0,0,0,-1
2252,854,16,0,0,1,2,1708,1,0,0,-1
2253,428,1,1,0,0,2,1709,1,1,0,-1
2254,1165,1,0,0,61,7,1710,0,1,1,-1
2255,338,9,1,1,33,7,1711,1,1,0,-1
2256,1166,4,1,1,23,1,1551,1,0,0,-1
2257,1028,24,0,1,58,6,733,1,1,0,-1
2258,304,1,1,0,49,1,1322,0,1,1,-1
2259,590,0,1,1,23,1,226,1,1,0,-1
2260,384,17,1,0,59,0,1712,1,0,1,-1
2261,461,22,0,0,12,3,655,1,0,0,-1
2262,678,15,0,1,32,5,1713,1,0,1,-1
2263,38,8,0,1,51,6,494,1,1,1,-1
2264,581,14,1,0,29,2,702,1,0,0,-1
2265,380,8,0,1,55,3,1116,1,0,1,-1
2266,793,24,1,1,3,6,563,1,1,0,-1
2267,1167,4,1,0,20,4,716,1,0,0,-1
2268,146,0,0,1,27,1,1367,1,1,1,-1
2269,1047,1,0,1,58,5,512,1,1,0,-1
2270,98,25,1,0,26,3,1714,1,0,0,-1
2271,73,1,0,1,38,4,1715,1,0,1,-1
2272,373,14,1,1,0,4,1716,1,1,0,-1
2273,470,11,0,0,31,0,273,0,1,1,-1
2274,1071,10,0,1,46,6,10,1,0,1,-1
2275,1089,13,0,1,48,2,1025,1,0,0,-1
2276,572,10,1,1,59,7,817,1,0,1,-1
2277,983,2,0,0,0,3,1486,1,0,1,-1
2278,328,4,1,1,48,5,1717,1,0,0,-1
2279,859,24,0,0,45,3,1718,1,0,1,-1
2280,931,14,1,1,60,5,1607,1,1,0,-1
2281,196,5,0,0,18,3,1719,1,1,1,-1
2282,137,19,1,0,61,4,1237,1,0,0,-1
2283,1168,3,1,0,35,0,1720,0,1,0,-1
2284,1169,12,1,1,3,2,321,1,0,1,-1
2285,884,8,0,0,21,6,1721,1,1,1,-1
2286,918,18,1,0,4,4,1722,1,1,0,-1
2287,1170,5,1,0,60,7,1070,1,0,1,-1
2288,791,22,0,0,51,7,1723,0,1,0,-1
2289,177,15,0,1,39,6,1724,1,0,0,-1
2290,953,5,0,0,62,1,1725,0,0,1,-1
2291,1171,1,1,0,8,2,1726,0,0,0,-1
2292,668,18,0,1,45,2,1082,1,1,1,-1
2293,696,22,0,0,19,0,265,0,1,0,-1
2294,1172,18,1,0,35,2,1727,1,0,0,-1
2295,863,4,0,0,26,4,1441,0,0,0,-1
2296,337,24,1,0,35,6,1682,0,0,0,-1
2297,321,5,0,0,52,2,1102,1,1,1,-1
2298,300,18,1,1,38,6,1217,1,1,1,-1
2299,280,1,1,0,44,6,1728,1,1,1,-1
2300,970,22,1,1,50,1,1729,1,1,1,-1
2301,1097,1,0,1,34,6,788,1,1,1,-1
2302,801,17,1,0,18,7,7,1,1,0,-1
2303,903,7,0,0,32,4,1730,0,1,1,-1
2304,236,17,0,0,36,3,1731,1,0,1,-1
2305,345,19,1,1,3,5,856,1,0,0,-1
2306,1173,1,1,0,25,7,1732,1,1,0,-1
2307,494,20,1,1,33,2,1473,1,1,1,-1
2308,429,1,1,0,8,2,1733,1,0,1,-1
2309,492,23,1,1,49,2,1734,1,0,1,-1
2310,284,3,1,1,23,6,1065,1,1,0,-1
2311,1174,14,1,0,31,6,1276,1,0,0,-1
2312,628,4,0,1,12,2,1735,1,0,0,-1
2313,547,1,1,0,49,1,1736,1,1,0,-1
2314,337,1,1,1,41,6,671,1,0,0,-1
2315,1157,24,1,1,33,1,1737,1,0,0,-1
2316,779,19,1,0,17,3,780,0,0,0,-1
2317,438,25,0,1,25,6,1738,1,0,0,-1
2318,1175,15,1,1,39,0,1739,1,0,1,-1
2319,325,15,1,0,19,1,1740,0,1,0,-1
2320,761,11,0,1,44,6,1741,1,0,1,-1
2321,208,6,0,0,59,1,1742,0,0,1,-1
2322,426,23,1,0,39,3,773,0,0,1,-1
2323,369,11,1,1,27,0,1743,1,0,0,-1
2324,477,21,1,0,21,6,343,1,1,1,-1
2325,184,3,0,1,53,6,1744,1,0,0,-1
2326,564,25,1,1,38,5,1745,1,0,0,-1
2327,321,1,1,1,2,0,1746,1,1,1,-1
2328,1176,1,1,0,35,6,1747,0,1,0,-1
2329,12,0,1,0,38,4,1748,1,0,1,-1
2330,1177,22,1,0,57,4,1582,1,1,1,-1
2331,355,21,1,1,5,6,1749,1,0,0,-1
2332,1036,11,0,1,46,4,1750,1,0,1,-1
2333,1021,25,1,1,61,5,811,1,1,1,-1
2334,784,1,1,0,17,1,1624,1,1,0,-1
2335,398,19,0,0,34,7,25,0,0,0,-1
2336,1178,1,0,0,3,5,379,0,0,0,-1
2337,1179,15,0,1,39,7,1751,1,1,0,-1
2338,20,0,1,1,12,3,1333,1,0,0,-1
2339,1180,16,1,0,61,1,1116,1,0,0,-1
2340,526,2,1,0,7,6,921,0,1,1,-1
2341,707,1,0,1,1,0,332,1,1,0,-1
2342,1181,0,1,0,2,5,1680,1,1,0,-1
2343,1182,1,1,0,9,4,372,0,1,0,-1
2344,1183,19,1,1,4,2,49,1,0,1,-1
2345,1001,1,0,1,13,2,906,1,0,0,-1
2346,926,1,1,0,36,0,1752,0,1,1,-1
2347,1020,8,1,1,40,0,1753,1,1,1,-1
2348,289,1,1,0,31,0,488,0,1,1,-1
2349,670,1,0,1,49,1,1754,1,0,1,-1
2350,689,5,0,1,32,3,1507,1,1,0,-1
2351,263,9,0,0,27,6,479,1,1,1,-1
2352,556,1,1,1,54,2,1755,1,1,0,-1
2353,1065,22,0,0,21,6,1756,0,1,0,-1
2354,93,24,0,1,0,1,1757,1,0,0,-1
2355,632,1,1,1,26,4,1758,1,0,0,-1
2356,1184,24,0,0,39,6,1759,0,1,0,-1
2357,644,15,0,0,47,7,823,1,0,0,-1
2358,1185,1,1,1,12,7,612,1,0,1,-1
2359,248,1,1,0,43,2,1568,1,0,0,-1
2360,1151,12,0,0,16,5,1011,1,1,1,-1
2361,532,1,0,1,50,4,1760,1,0,0,-1
2362,1108,13,1,1,52,4,1761,1,0,1,-1
2363,581,2,1,0,42,6,1762,0,1,1,-1
2364,460,1,1,1,1,5,353,1,1,1,-1
2365,817,16,0,0,20,4,1763,0,0,0,-1
2366,34,1,0,0,25,1,1764,0,0,0,-1
2367,1180,0,0,0,21,5,1765,0,0,0,-1
2368,396,13,0,1,8,6,1127,1,0,1,-1
2369,1008,1,1,1,51,5,1766,1,1,1,-1
2370,1181,7,0,0,55,5,512,1,1,1,-1
2371,190,25,1,1,2,1,1729,1,1,0,-1
2372,1104,25,1,1,37,2,170,1,1,0,-1
2373,1186,12,1,1,11,5,1767,1,1,1,-1
2374,364,7,1,0,51,3,1655,0,0,1,-1
2375,974,19,1,1,41,3,1768,1,1,0,-1
2376,465,13,1,0,26,5,1769,0,1,1,-1
2377,1,21,1,1,52,7,444,1,1,0,-1
2378,1106,13,1,0,24,0,1526,1,0,0,-1
2379,1001,12,1,0,62,5,1770,1,0,1,-1
2380,491,18,1,1,25,1,978,1,0,0,-1
2381,1187,20,1,1,10,7,1771,1,1,0,-1
2382,1188,25,0,1,40,0,1645,1,1,0,-1
2383,355,14,1,1,10,4,1772,1,1,1,-1
2384,314,2,1,0,20,2,1495,0,1,1,-1
2385,757,14,0,1,2,1,1773,1,0,1,-1
2386,527,24,0,1,9,1,391,1,1,0,-1
2387,599,22,0,0,41,7,1774,0,1,0,-1
2388,382,6,0,1,18,3,1775,1,0,1,-1
2389,923,2,1,0,35,4,479,1,1,1,-1
2390,1189,21,0,1,54,6,1776,1,0,0,-1
2391,1090,13,1,1,34,7,1777,1,1,0,-1
2392,38,16,1,0,45,4,315,1,0,1,-1
2393,700,23,0,1,41,6,1778,1,0,1,-1
2394,939,8,0,1,41,1,1779,1,0,0,-1
2395,1025,3,1,0,12,1,1377,0,0,0,-1
2396,436,5,1,1,35,0,1780,1,1,0,-1
2397,576,6,0,1,10,3,1288,1,0,1,-1
2398,527,15,0,1,44,3,1290,1,1,1,-1
2399,216,19,0,1,56,6,1781,1,0,1,-1
2400,1190,23,0,0,59,1,1782,1,1,1,-1
2401,252,1,1,0,39,3,1783,1,1,1,-1
2402,575,9,1,1,33,6,1151,1,0,0,-1
2403,554,12,1,0,14,4,1421,1,0,0,-1
2404,98,12,0,1,28,2,1784,1,0,0,-1
2405,282,1,0,1,56,7,304,1,0,1,-1
2406,975,18,0,0,55,6,1608,1,0,1,-1
2407,287,8,0,1,24,5,1785,1,0,0,-1
2408,691,12,1,0,35,6,1786,0,1,0,-1
2409,863,5,1,1,57,3,1787,1,0,1,-1
2410,1123,1,0,0,34,7,1788,0,1,1,-1
2411,715,19,0,0,44,0,1789,1,0,0,-1
2412,340,5,1,1,54,5,1158,1,1,0,-1
2413,635,19,0,0,48,4,741,0,0,1,-1
2414,552,23,0,1,18,5,1790,1,0,1,-1
2415,848,17,1,1,53,0,1791,1,1,0,-1
2416,1191,12,1,1,34,6,307,1,1,0,-1
2417,535,11,0,1,61,4,1752,1,1,0,-1
2418,643,21,0,0,47,0,1780,1,0,1,-1
2419,81,6,0,0,16,3,1792,1,0,0,-1
2420,564,7,0,1,58,5,1138,1,0,1,-1
2421,787,18,0,0,13,0,1793,1,1,1,-1
2422,307,1,0,1,1,2,1794,1,0,0,-1
2423,358,1,1,0,12,1,1795,1,1,0,-1
2424,330,11,1,1,4,1,1252,1,0,0,-1
2425,1025,12,0,0,45,1,244,1,1,0,-1
2426,149,11,1,1,29,3,1386,1,1,1,-1
2427,75,8,1,1,4,1,20,1,0,0,-1
2428,830,15,0,0,36,5,145,0,0,0,-1
2429,1042,1,0,1,8,2,1796,1,0,1,-1
2430,1167,9,1,1,14,0,1797,1,1,1,-1
2431,883,7,1,0,29,1,1251,1,1,0,-1
2432,1192,1,1,0,21,7,1798,0,1,1,-1
2433,712,15,0,0,1,0,1014,1,0,1,-1
2434,190,1,0,1,1,4,1128,1,1,0,-1
2435,330,16,0,0,3,6,1799,0,1,1,-1
2436,1193,24,1,0,52,4,358,0,0,1,-1
2437,140,6,1,0,23,2,1352,1,1,1,-1
2438,470,1,0,0,42,6,217,0,0,0,-1
2439,561,25,1,0,53,4,1800,0,0,0,-1
2440,96,24,1,0,44,4,1284,0,1,1,-1
2441,733,24,0,0,35,4,1565,1,1,0,-1
2442,983,1,0,0,59,7,1801,1,0,0,-1
2443,1194,11,0,1,39,0,1694,1,0,0,-1
2444,671,1,0,0,47,3,1794,0,0,0,-1
2445,1195,21,0,0,8,5,1802,1,1,0,-1
2446,777,15,0,1,56,1,317,1,1,1,-1
2447,1196,21,0,0,39,6,1425,1,1,0,-1
2448,1121,6,0,0,18,4,1803,1,1,0,-1
2449,605,10,0,1,45,4,670,1,0,1,-1
2450,388,22,1,1,58,3,1804,1,0,1,-1
2451,979,0,0,1,10,6,1143,1,1,0,-1
2452,1042,11,1,0,6,0,999,1,1,1,-1
2453,1197,1,0,0,62,4,538,1,0,1,-1
2454,747,22,1,1,57,4,1805,1,0,1,-1
2455,1083,17,1,0,43,1,1806,1,0,0,-1
2456,176,9,0,1,56,7,1709,1,0,0,-1
2457,822,19,0,0,55,7,1434,0,1,1,-1
2458,271,21,1,1,32,4,1807,1,0,1,-1
2459,971,2,1,0,5,0,1355,0,0,1,-1
2460,164,21,0,1,48,5,1808,1,1,1,-1
2461,75,6,0,1,4,4,655,1,1,1,-1
2462,844,19,0,1,47,2,1809,1,0,0,-1
2463,438,21,0,0,59,6,1810,0,1,1,-1
2464,634,3,0,1,46,4,1804,1,1,1,-1
2465,1060,14,0,1,41,5,1807,1,1,1,-1
2466,883,2,0,1,36,6,1811,1,0,1,-1
2467,146,16,1,1,47,1,1812,1,1,0,-1
2468,770,1,1,0,59,6,405,0,0,0,-1
2469,469,1,0,1,42,5,1813,1,0,1,-1
2470,934,20,1,0,7,0,1814,0,0,0,-1
2471,946,7,0,0,42,4,1815,1,1,0,-1
2472,601,5,1,1,47,7,377,1,1,1,-1
2473,823,1,1,1,52,5,1816,1,1,1,-1
2474,862,9,0,0,51,7,1817,1,1,0,-1
2475,798,9,0,1,33,2,1465,1,1,0,-1
2476,38,23,0,1,23,4,166,1,0,1,-1
2477,497,8,0,1,36,7,1818,1,0,0,-1
2478,187,14,0,1,37,5,1819,1,1,0,-1
2479,465,19,0,0,60,4,1820,1,0,0,-1
2480,521,24,0,0,1,6,1821,1,0,1,-1
2481,308,1,0,0,17,0,1340,0,0,1,-1
2482,1009,9,0,0,21,2,1822,1,1,0,-1
2483,829,5,0,1,26,6,1362,1,0,0,-1
2484,968,15,0,0,41,7,641,0,0,0,-1
2485,742,25,0,1,37,6,1724,1,0,1,-1
2486,242,11,0,0,8,4,1823,0,0,1,-1
2487,181,11,0,0,3,0,1824,1,0,0,-1
2488,5,1,0,1,10,4,277,1,0,1,-1
2489,1198,19,0,1,52,2,1099,1,0,1,-1
2490,1030,15,1,1,45,2,1825,1,0,0,-1
2491,588,1,0,0,0,6,1012,0,0,1,-1
2492,96,14,1,0,59,2,1602,0,0,0,-1
2493,997,10,1,0,4,1,1826,1,1,1,-1
2494,1199,1,1,1,45,4,1827,1,1,0,-1
2495,172,10,0,1,6,7,1828,1,1,1,-1
2496,642,12,0,0,14,6,1348,0,0,1,-1
2497,313,21,1,0,57,4,909,1,1,0,-1
2498,412,25,0,0,52,0,1829,1,0,0,-1
2499,66,19,1,1,57,4,1108,1,0,0,-1
2500,27,1,0,0,6,4,486,1,0,0,-1
2501,412,15,0,1,12,7,1491,1,1,0,-1
2502,486,10,0,0,46,3,89,1,0,0,-1
2503,1200,1,1,1,41,1,1830,1,1,1,-1
2504,1201,1,0,0,6,6,1023,0,0,0,-1
2505,451,1,0,0,21,7,1831,0,1,0,-1
2506,337,1,0,1,61,2,1832,1,0,0,-1
2507,1202,18,0,0,52,2,1833,0,1,1,-1
2508,1086,2,0,0,23,1,127,0,0,1,-1
2509,1203,12,1,0,52,6,195,1,0,0,-1
2510,1057,23,0,0,49,7,1834,1,0,0,-1
2511,307,21,1,1,16,1,1252,1,1,1,-1
2512,1077,17,0,0,57,0,1161,1,0,0,-1
2513,1150,9,1,1,38,0,318,1,0,1,-1
2514,614,11,1,1,38,7,1835,1,1,1,-1
2515,1204,19,1,1,42,3,982,1,1,1,-1
2516,301,14,0,0,34,4,1836,1,0,1,-1
2517,1205,1,0,0,19,4,861,1,1,1,-1
2518,431,16,1,0,59,3,1837,1,0,0,-1
2519,112,13,0,0,2,5,1838,1,0,1,-1
2520,9,5,1,1,10,6,61,1,0,1,-1
2521,1206,9,0,0,8,4,1839,1,1,1,-1
2522,1207,17,1,1,37,4,1447,1,1,1,-1
2523,799,6,0,1,7,0,1840,1,0,1,-1
2524,1,8,1,1,17,3,1543,1,1,0,-1
2525,870,2,1,0,35,2,1841,0,1,1,-1
2526,1208,1,0,0,16,7,1842,0,0,1,-1
2527,777,1,0,0,43,1,1560,1,0,1,-1
2528,325,5,0,0,36,3,445,1,0,1,-1
2529,218,2,1,1,43,7,1840,1,0,1,-1
2530,1209,6,1,0,33,3,1843,0,1,1,-1
2531,1024,1,1,1,45,0,1014,1,0,1,-1
2532,972,7,0,1,17,4,1844,1,0,0,-1
2533,346,21,1,0,20,6,1330,1,1,1,-1
2534,1210,3,1,0,33,6,1845,1,0,1,-1
2535,682,20,0,1,35,5,1613,1,1,1,-1
2536,856,20,1,1,17,1,1846,1,1,0,-1
2537,1211,1,1,1,62,6,1847,1,0,0,-1
2538,715,3,0,1,22,1,1848,1,1,0,-1
2539,272,12,1,1,54,0,1849,1,1,1,-1
2540,487,19,1,1,61,0,1850,1,0,0,-1
2541,497,22,1,0,33,1,1851,0,1,0,-1
2542,772,1,1,1,9,7,1490,1,0,1,-1
2543,56,6,0,1,36,7,1852,1,1,0,-1
2544,279,25,0,0,28,1,488,1,0,0,-1
2545,398,25,0,0,0,0,1853,0,1,0,-1
2546,1004,1,0,0,32,4,1425,0,1,0,-1
2547,262,22,1,0,61,1,689,1,1,1,-1
2548,916,3,1,0,59,4,1711,0,1,0,-1
2549,973,20,1,1,39,3,1854,1,1,0,-1
2550,1212,16,0,1,6,0,1855,1,0,0,-1
2551,1213,3,0,0,19,6,1856,0,1,1,-1
2552,1087,7,0,1,0,6,892,1,0,0,-1
2553,1214,1,0,1,30,7,520,1,0,0,-1
2554,72,13,1,1,7,4,430,1,1,1,-1
2555,438,21,1,0,7,0,907,0,1,1,-1
2556,1109,12,0,0,25,2,1857,1,1,1,-1
2557,174,0,1,1,38,2,1858,1,1,0,-1
2558,1060,21,0,0,5,6,1618,1,0,0,-1
2559,52,1,1,0,19,7,583,1,0,1,-1
2560,532,10,0,1,33,3,968,1,1,1,-1
2561,44,25,0,0,27,2,995,0,0,1,-1
2562,319,1,1,1,36,2,1609,1,1,0,-1
2563,512,5,1,1,36,5,1859,1,1,1,-1
2564,1011,20,0,0,4,1,1860,0,0,0,-1
2565,194,6,0,1,33,2,65,1,1,1,-1
2566,625,1,0,0,42,3,1861,0,0,1,-1
2567,31,18,1,1,61,4,1862,1,1,0,-1
2568,782,2,0,1,30,7,769,1,0,1,-1
2569,728,16,1,1,60,3,1268,1,0,0,-1
2570,313,16,1,0,23,6,128,1,1,0,-1
2571,812,1,1,1,32,5,251,1,1,0,-1
2572,733,10,1,1,1,3,1235,1,1,1,-1
2573,876,1,0,0,4,5,151,1,0,1,-1
2574,333,0,1,1,51,2,1405,1,0,0,-1
2575,647,15,0,0,51,0,1863,0,0,1,-1
2576,281,1,1,1,26,2,1864,1,0,1,-1
2577,1215,16,0,0,8,4,1280,1,1,1,-1
2578,1080,11,0,0,20,1,1865,1,1,0,-1
2579,472,1,0,0,32,2,1866,1,1,0,-1
2580,1216,6,1,1,17,7,1867,1,0,1,-1
2581,384,8,0,0,13,6,1868,1,1,1,-1
2582,364,1,0,0,48,4,1685,1,0,0,-1
2583,635,7,0,0,43,3,1869,1,0,0,-1
2584,531,22,1,0,36,6,640,1,1,1,-1
2585,1042,1,1,1,62,5,1870,1,1,1,-1
2586,1217,16,1,0,58,1,1871,1,0,0,-1
2587,331,3,1,1,60,4,126,1,0,0,-1
2588,920,13,0,1,41,0,1872,1,0,1,-1
2589,935,21,1,0,47,0,1873,1,1,0,-1
2590,115,1,1,0,29,2,1874,1,0,0,-1
2591,63,3,1,0,18,2,382,0,0,1,-1
2592,693,7,0,1,42,7,296,1,0,1,-1
2593,813,17,1,0,40,6,1875,0,0,0,-1
2594,876,1,1,0,6,0,1042,1,1,0,-1
2595,634,1,1,0,28,5,1876,0,0,0,-1
2596,659,16,1,1,50,4,1574,1,0,0,-1
2597,71,19,0,1,32,3,877,1,0,1,-1
2598,1100,13,1,1,53,0,850,1,1,0,-1
2599,1043,4,0,1,30,1,1877,1,0,0,-1
2600,280,2,0,0,12,6,1245,1,0,0,-1
2601,448,21,1,0,43,4,444,0,0,0,-1
2602,1,10,1,1,7,5,1517,1,1,0,-1
2603,336,3,1,0,59,0,1878,1,0,1,-1
2604,1143,1,0,1,29,1,1879,1,0,0,-1
2605,346,19,1,1,21,6,1880,1,1,0,-1
2606,492,17,0,0,54,7,1558,0,1,1,-1
2607,118,2,0,0,57,1,99,0,1,1,-1
2608,1218,1,1,0,38,1,1881,1,1,1,-1
2609,1219,4,0,1,33,3,1882,1,1,1,-1
2610,1052,11,1,0,31,6,1883,0,1,0,-1
2611,183,17,0,0,36,4,1761,0,1,1,-1
2612,989,0,1,0,48,2,1251,1,1,1,-1
2613,940,5,1,1,4,1,95,1,0,1,-1
2614,1015,2,0,0,27,2,1008,1,1,0,-1
2615,607,0,0,1,6,6,1604,1,1,1,-1
2616,262,14,1,0,57,3,249,1,0,1,-1
2617,236,16,0,1,10,5,1810,1,0,0,-1
2618,324,1,1,1,53,6,394,1,1,0,-1
2619,1031,13,1,0,24,0,1884,1,1,1,-1
2620,96,16,1,0,61,0,1885,0,0,0,-1
2621,232,1,1,1,17,4,1886,1,0,1,-1
2622,899,1,0,1,15,1,1819,1,0,1,-1
2623,565,16,0,0,44,6,272,1,1,0,-1
2624,375,4,1,0,42,0,1865,1,0,0,-1
2625,30,19,1,0,5,5,269,0,1,1,-1
2626,1045,1,0,1,43,3,606,1,0,1,-1
2627,749,1,0,1,20,6,771,1,0,1,-1
2628,1151,9,0,0,50,4,1413,0,1,1,-1
2629,921,0,0,0,57,5,1887,1,1,1,-1
2630,878,20,0,1,49,3,1888,1,0,0,-1
2631,1220,1,1,1,9,0,40,1,0,1,-1
2632,1217,2,0,1,2,5,1889,1,0,0,-1
2633,142,4,1,0,58,1,546,1,0,1,-1
2634,493,22,1,0,48,5,1476,0,1,1,-1
2635,483,23,1,0,25,3,1555,0,1,1,-1
2636,1221,25,1,1,55,7,1890,1,0,0,-1
2637,475,1,1,0,2,3,1891,0,0,0,-1
2638,1222,2,0,0,57,0,1892,1,0,1,-1
2639,943,16,0,1,51,5,1893,1,1,1,-1
2640,473,8,0,0,45,1,185,0,1,0,-1
2641,715,18,0,0,17,0,1795,0,1,0,-1
2642,105,22,0,1,33,1,1049,1,0,0,-1
2643,1099,10,0,1,58,2,1894,1,0,0,-1
2644,276,7,1,0,3,6,659,0,1,1,-1
2645,722,1,0,1,12,0,1172,1,1,1,-1
2646,1223,2,0,0,1,5,640,1,1,0,-1
2647,818,15,0,0,1,4,1895,0,1,1,-1
2648,25,6,0,0,48,1,1896,1,1,0,-1
2649,1088,7,1,0,15,5,708,1,1,0,-1
2650,25,5,1,1,44,7,1780,1,0,0,-1
2651,115,0,1,0,21,2,1897,0,1,1,-1
2652,561,1,0,1,32,5,1898,1,0,0,-1
2653,992,15,0,1,18,4,720,1,0,1,-1
2654,500,24,1,0,52,7,1225,0,1,0,-1
2655,1224,6,1,1,56,0,1671,1,0,1,-1
2656,905,15,0,1,48,0,394,1,0,0,-1
2657,432,22,1,0,24,0,1043,1,0,0,-1
2658,253,20,1,1,26,0,1899,1,1,1,-1
2659,996,15,0,0,9,0,1900,1,1,0,-1
2660,871,7,1,0,4,6,1901,0,0,1,-1
2661,840,0,0,0,42,1,1902,1,1,0,-1
2662,916,19,1,0,44,2,1790,1,1,0,-1
2663,1100,17,0,1,46,0,1903,1,1,1,-1
2664,384,4,0,1,2,5,1904,1,0,1,-1
2665,1194,15,0,1,2,7,1905,1,0,0,-1
2666,436,18,1,1,57,7,1906,1,1,0,-1
2667,1143,7,1,1,62,2,1907,1,0,1,-1
2668,1225,4,1,1,8,3,182,1,0,1,-1
2669,17,24,0,1,31,2,1451,1,1,1,-1
2670,1179,3,0,1,19,1,634,1,0,0,-1
2671,467,9,1,1,34,4,1795,1,1,0,-1
2672,951,25,0,1,5,7,1908,1,1,0,-1
2673,1226,1,1,1,23,5,1909,1,1,1,-1
2674,170,16,1,1,55,4,1910,1,1,0,-1
2675,1085,10,1,0,35,6,1911,1,0,0,-1
2676,109,8,1,0,33,4,1431,0,0,1,-1
2677,109,5,0,0,17,5,1912,0,1,0,-1
2678,1227,16,1,1,57,4,1728,1,1,0,-1
2679,857,9,0,1,49,2,1913,1,0,1,-1
2680,498,18,0,0,40,0,1711,1,0,1,-1
2681,1131,22,1,0,62,4,360,0,0,1,-1
2682,1228,10,1,1,3,7,226,1,1,0,-1
2683,314,10,1,0,57,2,1914,0,0,0,-1
2684,102,1,1,1,19,6,1915,1,0,0,-1
2685,894,0,1,1,19,1,1661,1,1,1,-1
2686,55,2,0,1,6,2,1916,1,0,0,-1
2687,443,1,1,0,4,5,1917,1,0,1,-1
2688,554,21,0,1,40,4,1918,1,0,1,-1
2689,273,14,1,1,32,1,1919,1,1,1,-1
2690,1096,7,1,0,16,5,1920,1,0,1,-1
2691,672,3,0,1,51,7,1921,1,0,1,-1
2692,771,23,1,1,48,5,1821,1,1,1,-1
2693,204,20,0,1,58,4,1922,1,1,1,-1
2694,111,1,0,1,54,4,27,1,0,1,-1
2695,167,0,1,1,56,1,986,1,1,0,-1
2696,917,1,1,1,5,0,1923,1,0,1,-1
2697,1229,2,0,0,55,6,1924,0,0,0,-1
2698,825,22,1,0,25,3,981,0,0,1,-1
2699,657,8,0,1,8,5,1925,1,1,0,-1
2700,848,17,1,1,6,0,1926,1,0,1,-1
2701,1230,10,1,1,56,6,976,1,1,1,-1
2702,87,21,0,1,40,3,1927,1,1,1,-1
2703,979,1,0,0,18,1,1128,1,1,1,-1
2704,465,18,1,1,60,3,1928,1,0,0,-1
2705,1231,15,1,1,53,5,300,1,0,0,-1
2706,1154,13,0,0,61,1,1929,1,1,0,-1
2707,715,7,1,0,44,4,1229,0,1,1,-1
2708,153,9,1,0,37,1,99,1,0,1,-1
2709,1205,1,0,1,21,0,111,1,1,1,-1
2710,1232,19,1,0,30,2,1930,0,1,1,-1
2711,406,24,0,0,6,6,1352,0,0,1,-1
2712,364,6,1,1,35,3,1931,1,0,1,-1
2713,1112,7,1,0,45,7,543,1,1,1,-1
2714,1125,8,1,1,11,6,506,1,0,1,-1
2715,1035,1,0,1,16,2,1932,1,1,0,-1
2716,117,14,1,1,1,3,1145,1,1,1,-1
2717,716,1,1,0,18,3,460,1,1,1,-1
2718,1031,6,0,1,51,6,563,1,1,1,-1
2719,1174,12,1,0,10,7,1933,0,0,0,-1
2720,1058,23,1,1,18,0,1934,1,1,1,-1
2721,884,1,1,0,46,1,1935,0,1,0,-1
2722,949,1,1,1,13,2,1936,1,0,0,-1
2723,943,12,0,1,10,1,758,1,1,0,-1
2724,403,13,1,1,30,5,1922,1,1,0,-1
2725,686,24,1,1,21,2,1937,1,0,1,-1
2726,716,4,1,1,46,1,520,1,1,0,-1
2727,532,1,1,1,46,0,1304,1,1,1,-1
2728,1065,6,0,0,18,4,1287,1,1,0,-1
2729,1001,5,0,0,47,3,1212,1,1,0,-1
2730,1030,4,0,0,40,0,399,0,0,0,-1
2731,1233,19,1,0,8,5,1938,0,0,1,-1
2732,852,4,1,0,46,2,1683,0,0,1,-1
2733,1234,1,0,1,20,4,559,1,1,0,-1
2734,202,4,0,1,32,2,1939,1,1,1,-1
2735,686,14,1,1,53,4,1750,1,1,1,-1
2736,922,1,1,0,36,5,869,1,1,0,-1
2737,798,13,0,1,18,2,1940,1,0,0,-1
2738,165,21,1,1,48,4,1941,1,0,0,-1
2739,1235,10,1,1,61,3,531,1,1,0,-1
2740,1164,12,0,1,7,0,1942,1,0,1,-1
2741,1236,15,0,1,1,6,277,1,1,0,-1
2742,780,9,0,1,33,2,936,1,0,1,-1
2743,461,23,0,0,50,5,1943,1,0,1,-1
2744,945,1,1,0,6,0,1236,1,1,0,-1
2745,1237,1,1,0,44,6,1380,0,0,1,-1
2746,592,8,0,1,31,4,1944,1,0,1,-1
2747,470,22,1,1,3,4,1945,1,0,1,-1
2748,100,10,0,1,26,4,1946,1,0,0,-1
2749,283,1,1,0,33,4,1947,0,0,1,-1
2750,349,5,0,1,20,2,1948,1,1,0,-1
2751,474,16,0,0,52,5,1660,0,1,0,-1
2752,127,6,1,0,23,1,1949,1,0,1,-1
2753,51,18,0,0,46,7,321,1,0,1,-1
2754,61,17,1,1,48,0,628,1,1,1,-1
2755,798,12,0,0,37,3,1950,0,1,1,-1
2756,1193,5,0,1,33,5,134,1,0,1,-1
2757,866,14,0,1,0,5,594,1,1,1,-1
2758,1238,13,0,0,2,0,244,0,0,0,-1
2759,565,20,0,0,13,1,189,1,1,0,-1
2760,122,4,0,0,59,6,1951,1,1,0,-1
2761,1239,11,0,0,27,7,1669,1,1,0,-1
2762,998,5,0,1,8,0,1325,1,0,0,-1
2763,445,24,0,0,0,7,1952,0,1,1,-1
2764,5,1,1,1,17,7,1953,1,0,0,-1
2765,1240,10,0,0,26,3,1954,0,0,1,-1
2766,729,10,1,1,3,7,1955,1,0,1,-1
2767,1241,17,1,0,32,6,1166,0,1,0,-1
2768,708,12,1,0,14,7,1956,0,0,0,-1
2769,514,18,1,1,27,6,831,1,0,0,-1
2770,479,16,0,0,21,1,1957,0,1,1,-1
2771,1235,4,1,0,11,0,1265,1,0,1,-1
2772,1125,12,1,1,16,2,1291,1,1,1,-1
2773,1242,7,0,1,55,2,558,1,1,0,-1
2774,741,8,1,1,34,2,1958,1,1,0,-1
2775,978,8,0,0,56,1,1750,0,1,1,-1
2776,1243,1,1,1,56,0,1959,1,1,0,-1
2777,676,1,1,0,50,2,1960,1,1,0,-1
2778,1066,2,0,1,19,4,1961,1,1,0,-1
2779,1005,1,0,0,49,3,735,0,1,0,-1
2780,405,24,0,1,12,5,1962,1,1,1,-1
2781,749,7,1,1,15,6,237,1,0,0,-1
2782,638,14,1,1,47,1,1963,1,0,1,-1
2783,190,13,1,0,26,5,1964,1,0,0,-1
2784,1244,3,1,1,45,3,1965,1,1,0,-1
2785,749,8,1,0,48,0,1966,1,1,0,-1
2786,1232,11,0,1,18,7,1234,1,0,0,-1
2787,209,10,1,1,42,2,1185,1,0,0,-1
2788,25,18,1,1,8,4,1967,1,1,1,-1
2789,185,19,1,1,3,1,1968,1,0,1,-1
2790,716,14,0,0,50,2,1969,1,0,1,-1
2791,276,9,0,1,32,7,1041,1,1,0,-1
2792,830,11,1,0,32,4,503,0,0,0,-1
2793,564,0,1,1,18,7,466,1,1,1,-1
2794,321,11,1,1,16,6,550,1,0,1,-1
2795,1002,1,1,1,22,7,1783,1,0,1,-1
2796,683,1,0,0,60,3,1970,0,0,1,-1
2797,1132,10,1,0,33,1,1671,1,0,1,-1
2798,1245,19,1,0,19,1,1971,1,1,0,-1
2799,1246,25,0,1,47,7,1972,1,0,1,-1
2800,71,9,0,0,61,6,1973,1,1,1,-1
2801,1095,2,1,0,11,4,1103,0,0,1,-1
2802,259,1,1,0,10,1,409,0,1,0,-1
2803,1247,19,0,0,10,2,1727,0,0,0,-1
2804,633,14,1,0,13,0,1969,0,0,1,-1
2805,710,23,0,0,14,4,1908,1,1,1,-1
2806,569,23,0,0,48,5,1974,1,0,0,-1
2807,380,24,0,0,25,1,683,0,1,1,-1
2808,1248,7,0,1,59,3,1975,1,0,1,-1
2809,942,6,0,0,34,5,782,0,1,0,-1
2810,1038,1,0,0,42,4,1805,0,0,0,-1
2811,875,17,0,1,31,5,1976,1,0,0,-1
2812,239,23,0,1,44,2,341,1,0,0,-1
2813,1149,17,0,0,39,4,383,1,0,1,-1
2814,1169,1,1,0,11,0,160,0,0,0,-1
2815,1249,11,0,0,3,2,1977,1,0,0,-1
2816,1097,7,0,0,57,6,1978,1,1,0,-1
2817,768,1,0,1,32,7,1979,1,0,1,-1
2818,1165,24,1,0,6,2,1980,0,1,0,-1
2819,250,16,1,1,37,2,1908,1,1,1,-1
2820,1250,8,0,1,9,6,1981,1,0,0,-1
2821,218,1,1,1,17,5,1982,1,0,0,-1
2822,1242,1,0,1,58,0,1983,1,0,1,-1
2823,88,18,1,0,22,0,1984,1,1,1,-1
2824,204,14,0,1,17,2,1985,1,0,0,-1
2825,282,23,1,1,18,3,1986,1,1,0,-1
2826,350,13,1,1,51,7,471,1,1,0,-1
2827,203,12,0,0,58,2,906,1,0,1,-1
2828,589,22,0,0,6,5,1479,0,1,1,-1
2829,1213,6,1,0,23,1,1987,0,1,0,-1
2830,304,16,1,1,39,0,1535,1,1,0,-1
2831,1010,8,1,1,9,6,1790,1,1,0,-1
2832,1244,20,1,0,57,7,1988,1,0,1,-1
2833,643,23,1,0,60,4,1989,1,1,1,-1
2834,1068,16,1,1,56,1,469,1,0,1,-1
2835,728,5,0,0,21,5,1990,1,0,1,-1
2836,996,25,0,0,12,1,1991,1,1,0,-1
2837,447,16,0,0,1,7,231,0,1,1,-1
2838,270,4,0,0,0,1,397,1,1,1,-1
2839,502,15,1,1,48,6,1992,1,0,1,-1
2840,537,1,0,0,51,1,1308,1,0,1,-1
2841,1251,25,0,0,39,5,1993,0,0,0,-1
2842,826,16,1,1,39,6,1150,1,0,1,-1
2843,690,18,1,1,27,4,1994,1,1,0,-1
2844,948,23,1,0,5,0,1995,0,0,0,-1
2845,1193,7,1,1,27,4,1996,1,1,1,-1
2846,1013,6,0,0,58,6,55,0,0,0,-1
2847,614,11,0,0,47,2,830,1,0,1,-1
2848,292,0,0,1,36,4,1379,1,0,0,-1
2849,428,21,1,0,34,5,1668,0,1,1,-1
2850,20,1,0,1,41,1,1437,1,1,1,-1
2851,1176,24,1,1,31,3,1997,1,0,0,-1
2852,609,1,1,0,51,4,1998,0,0,0,-1
2853,478,1,1,0,39,3,1999,0,1,1,-1
2854,329,2,1,0,8,1,2000,1,1,0,-1
2855,161,1,0,1,62,6,2001,1,0,0,-1
2856,1252,14,1,0,10,5,1455,1,1,0,-1
2857,467,1,1,1,30,2,2002,1,0,1,-1
2858,189,1,0,0,18,5,2003,0,1,0,-1
2859,705,17,1,1,21,6,758,1,1,1,-1
2860,1253,8,0,0,5,3,2004,1,0,0,-1
2861,227,11,1,0,4,0,2005,1,1,1,-1
2862,611,1,1,1,36,6,2006,1,0,0,-1
2863,915,1,1,1,50,5,1274,1,1,1,-1
2864,1127,0,1,1,15,6,1453,1,0,1,-1
2865,45,5,1,0,20,2,2007,0,1,1,-1
2866,786,14,0,1,24,3,2008,1,1,1,-1
2867,849,1,0,1,8,0,1901,1,1,0,-1
2868,1254,13,1,0,20,6,279,0,1,0,-1
2869,927,2,0,1,60,6,2009,1,1,1,-1
2870,1255,2,1,1,52,4,20,1,1,0,-1
2871,7,13,0,1,19,6,2010,1,0,1,-1
2872,690,14,1,0,53,7,2011,1,1,0,-1
2873,132,1,0,1,31,4,1600,1,0,0,-1
2874,1256,11,0,1,29,1,2012,1,1,0,-1
2875,1257,12,1,1,37,4,504,1,0,1,-1
2876,1258,18,0,1,49,5,767,1,0,0,-1
2877,375,17,1,1,17,1,1839,1,0,0,-1
2878,634,12,1,1,35,5,1166,1,0,1,-1
2879,826,1,0,0,24,6,1950,0,1,0,-1
2880,1103,22,0,1,18,7,2013,1,1,1,-1
2881,0,15,1,0,52,4,2014,1,1,1,-1
2882,774,19,1,0,61,4,541,0,0,0,-1
2883,315,25,1,0,13,6,549,1,1,1,-1
2884,909,17,0,0,45,4,320,1,1,1,-1
2885,764,1,1,0,20,2,2015,1,1,1,-1
2886,597,20,0,1,8,6,2016,1,1,1,-1
2887,1259,3,1,1,5,0,2017,1,0,0,-1
2888,1126,11,1,1,15,2,662,1,1,0,-1
2889,274,6,1,0,20,7,1138,1,0,0,-1
2890,251,23,0,0,5,0,708,1,0,1,-1
2891,768,15,1,0,42,1,1378,0,1,0,-1
2892,427,19,0,0,50,0,997,0,1,1,-1
2893,388,5,1,1,33,6,1882,1,1,1,-1
2894,21,21,0,1,0,5,749,1,1,1,-1
2895,581,1,0,0,18,2,2018,0,0,1,-1
2896,1260,6,1,1,22,1,2019,1,1,1,-1
2897,207,25,1,0,40,5,2020,1,0,0,-1
2898,1261,13,0,0,43,3,1643,1,1,0,-1
2899,565,5,1,0,36,2,2021,1,1,1,-1
2900,994,8,0,0,4,2,1471,0,1,1,-1
2901,386,6,0,0,37,6,2022,0,0,1,-1
2902,679,23,0,0,4,5,2023,0,1,0,-1
2903,650,13,1,0,48,3,613,0,0,1,-1
2904,1262,12,1,1,9,2,171,1,1,0,-1
2905,262,1,0,0,30,5,2024,0,1,1,-1
2906,758,3,0,0,21,0,1297,1,0,1,-1
2907,656,12,1,1,44,3,163,1,1,0,-1
2908,105,12,1,1,5,6,1774,1,1,1,-1
2909,256,8,0,0,40,7,417,0,1,1,-1
2910,863,6,0,1,6,2,1438,1,0,1,-1
2911,128,21,1,0,20,3,423,1,1,0,-1
2912,624,7,1,0,5,2,2025,1,1,0,-1
2913,130,1,0,1,28,5,294,1,0,0,-1
2914,1263,17,1,1,3,5,2026,1,0,0,-1
2915,516,10,1,0,33,0,1690,0,1,0,-1
2916,1264,1,0,0,6,4,2027,1,0,1,-1
2917,893,21,1,0,62,5,2028,0,1,0,-1
2918,165,22,1,1,24,4,2029,1,0,0,-1
2919,642,12,1,0,16,0,1163,0,0,1,-1
2920,551,7,0,0,4,2,2030,1,1,0,-1
2921,320,13,1,1,22,0,2031,1,1,1,-1
2922,437,6,1,1,40,0,2032,1,1,0,-1
2923,826,1,0,1,0,3,2033,1,1,0,-1
2924,563,10,1,0,62,0,2034,1,0,0,-1
2925,37,9,1,1,44,3,2035,1,0,0,-1
2926,1265,10,0,0,62,4,1154,1,1,0,-1
2927,166,9,0,0,57,3,1653,0,0,1,-1
2928,800,4,0,1,60,1,2036,1,0,0,-1
2929,1266,15,0,0,38,6,1031,1,0,1,-1
2930,260,1,0,0,39,3,1506,1,0,0,-1
2931,1078,0,0,0,56,3,384,1,0,0,-1
2932,438,13,1,1,9,4,1077,1,1,1,-1
2933,385,1,0,1,41,2,2037,1,1,0,-1
2934,698,1,1,0,48,1,1489,0,1,1,-1
2935,646,9,0,1,48,3,2038,1,1,1,-1
2936,1075,9,1,1,26,7,2039,1,0,1,-1
2937,254,23,0,0,13,1,1039,0,0,0,-1
2938,965,18,1,1,6,4,365,1,0,0,-1
2939,273,0,1,0,15,0,1821,0,0,0,-1
2940,564,13,1,1,45,7,2040,1,0,1,-1
2941,275,11,0,1,52,1,1871,1,1,1,-1
2942,237,23,1,0,57,7,2041,1,1,1,-1
2943,466,1,1,1,26,2,818,1,0,0,-1
2944,943,1,0,1,23,4,2042,1,0,1,-1
2945,774,12,0,1,19,6,2043,1,0,0,-1
2946,869,4,1,0,57,3,1403,1,1,1,-1
2947,39,8,1,0,4,0,2044,1,1,1,-1
2948,120,15,0,0,34,0,2045,1,0,0,-1
2949,1075,3,0,1,25,2,1998,1,1,1,-1
2950,1082,14,0,1,16,3,959,1,1,1,-1
2951,1242,5,0,0,40,5,1660,0,0,0,-1
2952,1197,6,0,0,18,4,2046,0,0,1,-1
2953,256,2,1,1,48,6,1167,1,0,0,-1
2954,385,23,1,0,19,1,649,1,0,0,-1
2955,229,16,1,1,13,0,437,1,0,1,-1
2956,1267,21,0,1,4,6,1491,1,0,0,-1
2957,852,6,0,1,29,6,921,1,1,1,-1
2958,254,10,0,0,37,3,578,1,0,0,-1
2959,664,14,1,0,0,0,2047,0,0,0,-1
2960,548,17,1,1,6,0,2048,1,1,0,-1
2961,669,1,1,1,45,1,2049,1,0,1,-1
2962,1268,16,0,0,33,5,2050,1,1,0,-1
2963,1032,12,1,0,0,4,2051,0,1,0,-1
2964,906,16,1,1,8,4,1218,1,1,0,-1
2965,1023,12,1,1,37,6,1889,1,1,1,-1
2966,1269,15,0,0,38,2,1534,1,0,1,-1
2967,1040,12,1,1,41,0,2052,1,1,0,-1
2968,1225,5,1,1,20,5,2053,1,1,1,-1
2969,350,10,0,0,7,1,1501,1,1,1,-1
2970,1165,8,0,1,36,6,2054,1,1,1,-1
2971,1048,11,1,1,57,3,1240,1,1,1,-1
2972,1270,1,1,0,52,7,542,1,0,1,-1
2973,855,1,0,0,4,6,666,1,0,0,-1
2974,1028,9,1,0,46,6,2055,1,1,1,-1
2975,318,14,0,0,58,2,1398,0,1,0,-1
2976,1057,1,1,1,17,5,1931,1,1,1,-1
2977,305,8,1,0,9,5,2056,1,0,1,-1
2978,661,1,1,0,24,7,2057,1,0,0,-1
2979,295,1,1,0,50,3,2058,1,1,1,-1
2980,1195,19,1,0,22,1,1375,0,1,0,-1
2981,608,12,1,1,3,0,2059,1,1,0,-1
2982,889,1,0,0,17,6,375,1,0,0,-1
2983,139,14,0,1,48,2,2060,1,1,1,-1
2984,1271,1,1,1,40,4,2061,1,1,1,-1
2985,1272,8,0,0,0,6,2062,1,1,1,-1
2986,864,12,0,0,15,7,2063,0,1,1,-1
2987,1273,22,1,1,40,7,2064,1,1,1,-1
2988,408,16,0,0,14,7,2065,1,0,1,-1
2989,317,22,1,1,20,3,2066,1,1,1,-1
2990,583,3,0,0,51,4,1695,1,1,0,-1
2991,1274,12,0,0,32,1,340,1,1,0,-1
2992,833,1,1,1,62,0,339,1,0,0,-1
2993,1106,15,1,1,57,5,360,1,1,0,-1
2994,992,13,1,0,11,0,2067,1,1,0,-1
2995,1171,22,0,1,49,7,2068,1,1,1,-1
2996,186,19,1,0,12,6,2069,0,1,0,-1
2997,454,13,0,1,19,4,463,1,0,1,-1
2998,903,1,1,0,28,0,769,0,1,1,-1
2999,161,1,0,1,59,3,1925,1,0,0,-1
